,Food,Size,Calories,Fat,Carbs,Fiber,Protein,Sodium, 
0,Starbucks Refreshers™ Beverages,,,,,,,,
1,Cool Lime Starbucks Refreshers™ Beverage,Tall,45,0,11,0,0,10,
2,,Grande,60,0,15,0,0,10,
3,,Venti,90,0,23,0,0,15,
4,,Trenta,120,0,30,0,0,20,
5,Strawberry Acai Starbucks Refreshers™ Beverage,Tall,80,0,18,1,0,10,
6,,Grande,90,0,22,1,0,15,
7,,Venti,130,0,32,1,0,25,
8,,Trenta,190,0,45,2,1,30,
9,Very Berry Hibiscus Starbucks Refreshers™ Beverage,Tall,60,0,14,1,0,10,
10,,Grande,70,0,18,1,0,10,
11,,Venti,100,0,25,1,0,20,
12,,Trenta,150,0,35,3,0,20,
13,Ombré Pink Drink w/ coconut,Tall,80,2,16,0,0,0,
14,,Grande,100,2.5,20,0,0,0,
15,,Venti,160,4,30,0,1,0,
16,,Trenta,210,5,41,1,1,0,
17,Pink Drink w/ coconut,Tall,110,2,21,1,0,0,
18,,Grande,140,2.5,27,1,1,60,
19,,Venti,200,4,38,1,1,90,
20,,Trenta,270,5,53,2,1,120,
21,Violet Drink w/ coconut,Tall,90,2,17,1,0,0,
22,,Grande,110,3,22,1,0,0,
23,,Venti,160,4,31,1,1,0,
24,,Trenta,230,6,44,3,1,0,
25,Evolution Fresh™,,,,,,,,
26,Evolution Fresh™ Organic Ginger Limeade,Tall,110,0,28,0,0,5,
27,Evolution Fresh™ Super Green,Tall,130,0,31,0,1,0,
28,Evolution Fresh™ Sweet Greens and Lemon,Tall,100,0,22,0,2,300,
29,Evolution Fresh™ Orange Juice,Grande,120,0,28,0,2,0,
30,Cold Brew and Iced Coffee,,,,,,,,
31,Iced Coffee,Tall,0,0,0,0,0,0,
32,,Grande,5,0,0,0,0,5,
33,,Venti,5,0,0,0,0,10,
34,,Trenta,5,0,0,0,1,10,
35,Iced Espresso Classics - Caffe Mocha,Tall,140,2.5,23,0,5,90,
36,Iced Espresso Classics - Caramel Macchiato,Tall,130,2.5,21,0,5,65,
37,Iced Espresso Classics - Vanilla Latte,Tall,130,2.5,21,0,5,65,
38,Nariño 70 Cold Brew,Tall,0,0,0,0,0,10,
39,,Grande,5,0,0,0,0,15,
40,,Venti,5,0,0,0,0,20,
41,,Trenta,5,0,0,0,0,25,
42,Nariño 70 Cold Brew with Milk,Tall,0,0,0,0,0,10,
43,,Grande,0,0,0,0,0,0,
44,,Venti,5,0,0,0,0,20,
45,,Trenta,5,0,0,0,0,25,
46,Nitro Cold Brew,Tall,5,0,0,0,0,10,
47,,Grande,5,0,0,0,0,10,
48,Nitro Cold Brew with Sweet Cream,Tall,70,5,5,0,1,15,
49,,Grande,70,5,5,0,1,20,
50,Vanilla Sweet Cream Cold Brew,Tall,100,6,12,0,1,20,
51,,Grande,110,6,14,0,1,25,
52,,Venti,200,11,24,0,1,40,
53,,Trenta,210,11,26,0,2,45,
54,Iced Coffee /w Almond,Tall,15,1,1,0,0,30,
55,,Grande,20,1,1,0,1,40,
56,,Venti,30,1.5,2,0,1,60,
57,,Trenta,35,2.5,3,1,1,75,
58,Nariño 70 Cold Brew /w Almond,Tall,10,0.5,1,0,0,25,
59,,Grande,15,1,1,0,1,35,
60,,Venti,30,1.5,2,0,1,55,
61,,Trenta,35,2,3,1,1,75,
62,Iced Coffee w/ Coconut,Tall,20,1,2,0,0,20,
63,,Grande,25,1.5,2,0,0,30,
64,,Venti,40,2.5,3,0,1,45,
65,,Trenta,50,3,5,0,1,60,
66,Nariño 70 Cold Brew w/ Coconut,Tall,15,1,1,0,0,25,
67,,Grande,25,1.5,2,0,0,35,
68,,Venti,35,2,3,0,0,55,
69,,Trenta,50,3,4,0,1,70,
70,Iced Coffee w/ Nonfat milk,Tall,20,0,2,0,2,25,
71,,Grande,25,0,3,0,2,30,
72,,Venti,40,0,5,0,4,50,
73,,Trenta,50,0,7,0,5,65,
74,Nariño 70 Cold Brew w/ Nonfat milk,Tall,15,0,2,0,2,25,
75,,Grande,25,0,3,0,2,35,
76,,Venti,40,0,5,0,4,60,
77,,Trenta,50,0,7,0,5,75,
78,Iced Coffee /w Whole milk,Tall,30,1.5,2,0,2,25,
79,,Grande,40,2,3,0,2,30,
80,,Venti,70,3.5,5,0,4,50,
81,,Trenta,90,4.5,7,0,5,65,
82,Nariño 70 Cold Brew /w Whole milk,Tall,30,1.5,2,0,1,25,
83,,Grande,40,2,3,0,2,35,
84,,Venti,70,3.5,5,0,3,60,
85,,Trenta,90,4.5,6,0,4,75,
86,Iced Coffee with 2% Milk,Tall,25,1,2,0,2,25,
87,,Grande,35,1.5,3,0,2,35,
88,,Venti,60,2,5,0,4,55,
89,,Trenta,70,3,7,0,5,70,
90,Nariño 70 Cold Brew with 2% Milk,Tall,25,1,2,0,2,30,
91,,Grande,35,1,3,0,2,40,
92,,Venti,50,2,5,0,4,65,
93,,Trenta,70,2.5,6,0,5,80,
94,Iced Tea,,,,,,,,
95,Shaken Sweet Tea,Tall,80,0,19,0,0,10,
96,,Grande,100,0,26,0,0,15,
97,,Venti,150,0,39,0,0,20,
98,,Trenta,200,0,52,0,0,25,
99,Tazo® Bottled Berry Blossom White,Tall,60,0,15,0,0,10,
100,Tazo® Bottled Black Mango,Tall,150,0,38,0,0,15,
101,Tazo® Bottled Black with Lemon,Tall,140,0,35,0,0,10,
102,Tazo® Bottled Brambleberry,Tall,140,0,35,0,0,15,
103,Tazo® Bottled Giant Peach,Tall,150,0,37,0,0,15,
104,Tazo® Bottled Iced Passion,Tall,70,0,17,0,0,10,
105,Tazo® Bottled Lemon Ginger,Tall,120,0,31,0,0,10,
106,Tazo® Bottled Organic Black Lemonade,Tall,140,0,35,0,0,10,
107,Tazo® Bottled Organic Iced Black Tea,Tall,60,0,15,0,0,10,
108,Tazo® Bottled Organic Iced Green Tea,Tall,120,0,31,0,0,10,
109,Tazo® Bottled Plum Pomegranate,Tall,140,0,35,0,0,10,
110,Tazo® Bottled Tazoberry,Tall,150,0,38,0,0,15,
111,Tazo® Bottled White Cranberry,Tall,140,0,35,0,0,10,
112,Teavana® Shaken Iced Black Tea,Tall,30,0,8,0,0,5,
113,,Grande,45,0,11,0,0,10,
114,,Venti,60,0,16,0,0,15,
115,,Trenta,70,0,19,0,0,20,
116,Teavana® Shaken Iced Black Tea Lemonade,Tall,70,0,17,0,0,0,
117,,Grande,90,0,23,0,0,10,
118,,Venti,130,0,34,0,0,10,
119,,Trenta,170,0,43,0,0,20,
120,Teavana® Shaken Iced Green Tea,Tall,30,0,8,0,0,5,
121,,Grande,45,0,11,0,0,10,
122,,Venti,60,0,16,0,0,15,
123,,Trenta,70,0,19,0,0,20,
124,Teavana® Shaken Iced Green Tea Lemonade,Tall,70,0,17,0,0,5,
125,,Grande,90,0,23,0,0,10,
126,,Venti,130,0,34,0,0,15,
127,,Trenta,170,0,43,0,0,20,
128,Teavana® Shaken Iced Passion Tango™ Tea,Tall,30,0,8,0,0,5,
129,,Grande,45,0,11,0,0,10,
130,,Venti,60,0,16,0,0,15,
131,,Trenta,70,0,19,0,0,20,
132,Teavana® Shaken Iced Passion Tango™ Tea Lemonade,Tall,70,0,17,0,0,5,
133,,Grande,90,0,23,0,0,10,
134,,Venti,130,0,34,0,0,15,
135,,Trenta 30oz,170,0,43,0,0,20,
136,Teavana® Shaken Peach Citrus White Tea Infusion,Tall,30,0,8,0,0,5,
137,,Grande,45,0,11,0,0,10,
138,,Venti,60,0,16,0,0,15,
139,,Trenta,70,0,19,0,0,20,
140,Teavana® Shaken Peach Citrus White Tea Infusion Lemonade,Tall,50,0,13,0,0,5,
141,,Grande,70,0,17,0,0,10,
142,,Venti,100,0,25,0,0,15,
143,,Trenta,120,0,31,0,0,20,
144,Teavana® Shaken Pineapple Black Tea Infusion,Tall,30,0,8,0,0,5,
145,,Grande,45,0,11,0,0,10,
146,,Venti,60,0,16,0,0,15,
147,,Trenta,70,0,19,0,0,20,
148,Teavana® Shaken Pineapple Black Tea Infusion Lemonade,Tall,50,0,13,0,0,5,
149,,Grande,70,0,17,0,0,10,
150,,Venti,100,0,25,0,0,15,
151,,Trenta,120,0,31,0,0,20,
152,Teavana® Shaken Strawberry Green Tea Infusion,Tall,30,0,8,0,0,5,
153,,Grande,45,0,11,0,0,10,
154,,Venti,60,0,16,0,0,15,
155,,Trenta,70,0,19,0,0,20,
156,Teavana® Shaken Strawberry Green Tea Infusion Lemonade,Tall,50,0,13,0,0,5,
157,,Grande,70,0,17,0,0,10,
158,,Venti,100,0,25,0,0,15,
159,,Trenta,120,0,31,0,0,20,
160,Teavana® Shaken Iced Piña Colada Tea Infusion w/ Coconut,Tall,60,2,11,0,0,0,
161,,Grande,80,2.5,15,0,0,0,
162,,Venti,130,4,22,0,0,0,
163,,Trenta,160,5,27,0,1,0,
164,Bottled Drinks,,,,,,,,
165,Iced Espresso Classics - Caffe Mocha,Tall,140,2.5,23,0,5,90,
166,Iced Espresso Classics - Caramel Macchiato,Tall,130,2.5,21,0,5,65,
167,Iced Espresso Classics - Skinny Caramel Macchiato,Grande,70,0,10,1,6,100,
168,Iced Espresso Classics - Skinny Vanilla Latte,Tall,70,0,10,1,6,100,
169,Iced Espresso Classics - Vanilla Latte,Tall,130,2.5,21,0,5,65,
170,Starbucks Doubleshot® Energy Coffee Drink,15oz Can,210,2.5,36,0,12,170,
171,Starbucks Doubleshot® Energy Mexican Mocha,15oz Can,200,3,34,1,10,170,
172,Starbucks Doubleshot® Energy Mocha Drink,15oz Can,200,2.5,33,0,12,0,
173,Starbucks Doubleshot® Energy Vanilla Drink,15oz Can,210,2.5,34,0,12,0,
174,Starbucks Doubleshot® Energy White Chocolate Drink,15oz Can,210,3,31,1,11,0,
175,Starbucks Doubleshot® Espresso Cubano,5-6oz Can,60,0,15,0,0,0,
176,Starbucks Doubleshot® Espresso Drink,5-6oz Can,140,6,18,0,4,70,
177,Starbucks Doubleshot® Espresso Salted Caramel Cream,5-6oz Can,140,5,18,0,4,135,
178,Starbucks Doubleshot® Light Espresso Drink,5-6oz Can,70,4,5,0,3,0,
179,Starbucks Doubleshot® Protein Caramel,11oz Pkg,210,2.5,34,2,20,115,
180,Starbucks Refreshers™ Raspberry Pomegranate,Tall,90,0,27,0,0,0,
181,Starbucks® Bottled Caramel Frappuccino® Coffee Drink,13-7oz Bottle,290,4.5,53,0,9,150,
182,Starbucks® Bottled Coffee Frappuccino® Coffee Drink,13-7oz Bottle,290,4.5,53,0,9,160,
183,"Starbucks® Bottled Cold Brew Black, Unsweetened",11oz Pkg,15,0,3,0,1,0,
184,Starbucks® Bottled Cold Brew Cocoa and Honey with Cream,11oz Pkg,150,4.5,24,0,5,0,
185,Starbucks® Bottled Dulce de Leche Frappuccino® Coffee Drink,13-7oz Bottle,290,4.5,53,1,9,140,
186,Starbucks® Bottled Mocha Frappuccino® Coffee Drink,9-5oz Bottle,260,4.5,47,1,9,140,
187,Starbucks® Bottled Mocha Light Frappuccino® Coffee Drink,9-5oz Bottle,100,3,12,0,6,95,
188,Starbucks® Bottled S'mores Frappuccino® Coffee Drink,9-5oz Bottle,290,4.5,53,1,9,140,
189,Starbucks® Bottled Vanilla Frappuccino® Coffee Drink,13-7oz Bottle,290,4.5,53,0,9,150,
190,Starbucks® Bottled Vanilla Light Frappuccino® Coffee Drink,13-7oz Bottle,100,3,12,0,6,95,
191,Starbucks® Doubleshot Protein Dark Chocolate,Tall,210,2.5,33,2,20,115,
192,Starbucks® Doubleshot Protein Vanilla,Tall,200,2.5,34,2,20,120,
193,Starbucks® Iced Coffee Caramel,Tall,60,0,13,0,1,0,
194,Starbucks® Iced Coffee Light Sweetened,Tall,50,0,11,0,1,0,
195,Starbucks® Iced Coffee Unsweetened,Tall,10,0,2,0,1,0,
196,Starbucks® Iced Latte - Pumpkin Spice Latte,Grande,270,4.5,45,0,11,190,
197,Tazo® Bottled Berry Blossom White,Tall,60,0,15,0,0,10,
198,Tazo® Bottled Black Mango,Tall,150,0,38,0,0,15,
199,Tazo® Bottled Black with Lemon,Tall,140,0,35,0,0,10,
200,Tazo® Bottled Brambleberry,Tall,140,0,35,0,0,15,
201,Tazo® Bottled Giant Peach,Tall,150,0,37,0,0,15,
202,Tazo® Bottled Iced Passion,Tall,70,0,17,0,0,10,
203,Tazo® Bottled Lemon Ginger,Tall,120,0,31,0,0,10,
204,Tazo® Bottled Organic Black Lemonade,Tall,140,0,35,0,0,10,
205,Tazo® Bottled Organic Iced Black Tea,Tall,60,0,15,0,0,10,
206,Tazo® Bottled Organic Iced Green Tea,Tall,120,0,31,0,0,10,
207,Tazo® Bottled Plum Pomegranate,Tall,140,0,35,0,0,10,
208,Tazo® Bottled Tazoberry,Tall,150,0,38,0,0,15,
209,Tazo® Bottled White Cranberry,5-6oz Can,140,0,35,0,0,10,
210,Tazo® Bottled White Cranberry,Tall,140,0,35,0,0,10,
211,Teavana® Mango Black Tea,15oz Can,100,0,24,0,0,10,
212,Teavana® Passion Tango® Herbal Tea,15oz Can,90,0,21,0,0,10,
213,Teavana® Peach Green Tea,15oz Can,90,0,23,0,0,10,
214,White Chocolate Mocha Bottled Frappuccino,13-7oz Bottle,300,5,55,1,9,150,
215,Freshly Brewed Coffee,,,,,,,,
216,Blonde Roast,Short,5,0,0,0,0,5,
217,,Tall,5,0,0,0,0,10,
218,,Grande,5,0,0,0,1,10,
219,,Venti,5,0,0,0,1,10,
220,Clover® Brewed Coffee,Short,10,0,0,0,0,5,
221,,Tall,10,0,0,0,0,10,
222,,Grande,10,0,0,0,1,10,
223,,Venti,10,0,0,0,1,10,
224,Coffee Traveler,Short,5,0,0,0,1,0,
225,Decaf Pike Place® Roast,Short,5,0,0,0,0,5,
226,,Tall,5,0,0,0,0,5,
227,,Grande,5,0,0,0,1,10,
228,,Venti,5,0,0,0,1,10,
229,Featured Dark Roast,Short,5,0,0,0,0,5,
230,,Tall,5,0,0,0,0,10,
231,,Grande,5,0,0,0,1,10,
232,,Venti,5,0,0,0,1,10,
233,Iced Coffee,Tall,0,0,0,0,0,0,
234,,Grande,5,0,0,0,0,5,
235,,Venti Iced 24oz,5,0,0,0,0,10,
236,,Trenta Iced,5,0,0,0,1,10,
237,Nariño 70 Cold Brew,Tall,0,0,0,0,0,10,
238,,Grande,5,0,0,0,0,15,
239,,Venti Iced 24oz,5,0,0,0,0,20,
240,,Trenta Iced,5,0,0,0,0,25,
241,Nariño 70 Cold Brew with Milk,Tall,0,0,0,0,0,10,
242,,Grande,0,0,0,0,0,0,
243,,Venti Iced 24oz,5,0,0,0,0,20,
244,,Trenta Iced,5,0,0,0,0,25,
245,Nitro Chocolate Crème,Tall,180,6,25,1,7,200,
246,,Grande,280,9,38,1,10,310,
247,Nitro Cold Brew,Tall,5,0,0,0,0,10,
248,,Grande,5,0,0,0,0,10,
249,Nitro Cold Brew with Sweet Cream,Tall,70,5,5,0,1,15,
250,,Grande,70,5,5,0,1,20,
251,Pike Place® Roast,Short,5,0,0,0,0,5,
252,,Tall,5,0,0,0,0,10,
253,,Grande,5,0,0,0,1,10,
254,,Venti,5,0,0,0,1,10,
255,Vanilla Sweet Cream Cold Brew,Tall,100,6,12,0,1,20,
256,,Grande,110,6,14,0,1,25,
257,,Venti Iced 24oz,200,11,24,0,1,40,
258,,Trenta Iced,210,11,26,0,2,45,
259,Caffè Misto w/ Almond,Short,30,2,2,0,1,50,
260,,Tall,40,2.5,3,1,1,75,
261,,Grande,50,3.5,4,1,2,95,
262,,Venti,60,3.5,4,1,2,100,
263,Iced Coffee w/ Almond,Tall,15,1,1,0,0,30,
264,,Grande,20,1,1,0,1,40,
265,,Venti Iced 24oz,30,1.5,2,0,1,60,
266,,Trenta,35,2.5,3,1,1,75,
267,Nariño 70 Cold Brew w/ Almond,Tall,10,0.5,1,0,0,25,
268,,Grande,15,1,1,0,1,35,
269,,Venti Iced 24oz,30,1.5,2,0,1,55,
270,,Trenta,35,2,3,1,1,75,
271,Toasted Coconut Cold Brew w/ Almond,Tall,40,0.5,8,0,0,25,
272,,Grande,50,0.5,10,0,0,25,
273,,Venti Iced 24oz,80,1,16,0,1,45,
274,,Trenta,90,1,18,0,1,50,
275,Caffè Misto w/ Coconut,Short,40,2.5,4,0,0,45,
276,,Tall,60,3.5,6,0,1,70,
277,,Grande,70,4.5,7,0,1,90,
278,,Venti,80,5,7,0,1,90,
279,Iced Coffee w/ Coconut,Tall,20,1,2,0,0,20,
280,,Grande,25,1.5,2,0,0,30,
281,,Venti Iced 24oz,40,2.5,3,0,1,45,
282,,Trenta,50,3,5,0,1,60,
283,Nariño 70 Cold Brew w/ Coconut,Tall,15,1,1,0,0,25,
284,,Grande,25,1.5,2,0,0,35,
285,,Venti Iced 24oz,35,2,3,0,0,55,
286,,Trenta,50,3,4,0,1,70,
287,Toasted Coconut Cold Brew w/ Coconut,Tall,40,0.5,8,0,0,20,
288,,Grande,50,0.5,11,0,0,25,
289,,Venti Iced 24oz,80,1.5,17,0,0,45,
290,,Trenta,100,1.5,19,0,0,45,
291,Caffè Misto w/ Nonfat milk,Short,35,0,5,0,4,45,
292,,Tall,60,0,8,0,6,70,
293,,Grande,70,0,10,0,7,90,
294,,Venti,90,0,13,0,9,115,
295,Iced Coffee w/ Nonfat Milk,Tall,20,0,2,0,2,25,
296,,Grande,25,0,3,0,2,30,
297,,Venti Iced 24oz,40,0,5,0,4,50,
298,,Trenta,50,0,7,0,5,65,
299,Nariño 70 Cold Brew w/ Nonfat Milk,Tall,15,0,2,0,2,25,
300,,Grande,25,0,3,0,2,35,
301,,Venti Iced 24oz,40,0,5,0,4,60,
302,,Trenta,50,0,7,0,5,75,
303,Toasted Coconut Cold Brew w/ Nonfat Milk,Tall,40,0,9,0,1,20,
304,,Grande,50,0,11,0,1,25,
305,,Venti Iced 24oz,80,0,18,0,2,45,
306,,Trenta,100,0,20,0,2,50,
307,Caffè Misto w/ Whole milk,Short,70,3.5,5,0,3,50,
308,,Tall,100,5,8,0,5,70,
309,,Grande,130,7,10,0,7,95,
310,,Venti,160,9,13,0,9,120,
311,Iced Coffee w/ Whole milk,Tall,30,1.5,2,0,2,25,
312,,Grande,40,2,3,0,2,30,
313,,Venti Iced 24oz,70,3.5,5,0,4,50,
314,,Trenta,90,4.5,7,0,5,65,
315,Nariño 70 Cold Brew w/ Whole milk,Tall,30,1.5,2,0,1,25,
316,,Grande,40,2,3,0,2,35,
317,,Venti Iced 24oz,70,3.5,5,0,3,60,
318,,Trenta,90,4.5,6,0,4,75,
319,Toasted Coconut Cold Brew w/ Whole milk,Tall,50,1,9,0,1,25,
320,,Grande,60,1,11,0,1,25,
321,,Venti Iced 24oz,100,2,18,0,2,45,
322,,Trenta,110,2,20,0,2,50,
323,Caffè Misto w/ 2% Milk,Short,50,2,5,0,4,50,
324,,Tall,80,3,8,0,5,80,
325,,Grande,110,4,10,0,7,100,
326,,Venti,130,5,13,0,9,130,
327,Iced Coffee w/ 2% Milk,Tall,25,1,2,0,2,25,
328,,Grande,35,1.5,3,0,2,35,
329,,Venti Iced 24oz,60,2,5,0,4,55,
330,,Trenta,70,3,7,0,5,70,
331,Nariño 70 Cold Brew w/ 2% Milk,Tall,25,1,2,0,2,30,
332,,Grande,35,1,3,0,2,40,
333,,Venti Iced 24oz,50,2,5,0,4,65,
334,,Trenta,70,2.5,6,0,5,80,
335,Toasted Coconut Cold Brew w/ 2% Milk,Tall,45,0.5,9,0,1,25,
336,,Grande,60,0.5,11,0,1,25,
337,,Venti Iced 24oz,90,1.5,18,0,2,50,
338,,Trenta,110,1.5,20,0,2,50,
339,Caffè Misto w/ Soy,Short,50,1.5,6,0,3,40,
340,,Tall,80,2.5,10,1,4,60,
341,,Grande,100,3,13,1,6,80,
342,,Venti,130,4,16,1,7,100,
343,Iced Coffee w/ Soy,Tall,25,1,3,0,2,20,
344,,Grande,35,1,4,0,2,30,
345,,Venti Iced 24oz,60,1.5,7,0,3,45,
346,,Trenta,70,2,9,1,4,60,
347,Nariño 70 Cold Brew w/ Soy,Tall,20,0.5,2,0,1,20,
348,,Grande,30,1,3,0,2,30,
349,,Venti Iced 24oz,50,1.5,6,0,3,50,
350,,Trenta,70,2,8,0,4,65,
351,Toasted Coconut Cold Brew w/ Soy,Tall,50,0.5,9,0,1,20,
352,,Grande,60,0.5,12,0,1,25,
353,,Venti Iced 24oz,100,1,19,0,2,40,
354,,Trenta,110,1,21,0,2,45,
355,Chocolate Beverages,,,,,,,,
356,Caffè Mocha w/ Almond,Short,110,3.5,17,3,3,70,
357,,Tall,170,6,26,4,4,110,
358,,Grande,220,7,34,5,5,140,
359,,Venti,280,10,43,7,7,180,
360,Caffè Mocha w/ Almond,Short,160,9,19,3,3,75,
361,,Tall,230,12,27,4,4,120,
362,,Grande,300,15,36,5,6,150,
363,,Venti,350,17,45,7,7,190,
364,Chocolate Smoothie w/ Almond,Grande,280,4.5,49,9,16,160,
365,Hot Chocolate w/ Almond,Short,130,4,21,3,2,75,
366,,Tall,190,6,30,4,4,115,
367,,Grande,240,8,38,5,5,150,
368,,Venti,320,10,51,7,6,190,
369,Hot Chocolate w/ Almond,Short,190,9,24,3,3,80,
370,,Tall,250,12,33,4,4,125,
371,,Grande,320,15,41,6,5,160,
372,,Venti,390,17,54,7,7,200,
373,White Chocolate Mocha w/ Almond,Short,140,5,22,1,3,115,
374,,Tall,210,8,33,1,4,180,
375,,Grande,280,10,44,1,6,230,
376,,Venti,360,13,56,2,7,300,
377,White Chocolate Mocha w/ Almond,Short,190,10,24,1,3,120,
378,,Tall,280,14,35,1,5,190,
379,,Grande,350,17,46,1,6,240,
380,,Venti,430,19,58,2,8,300,
381,Starbucks Espresso Beverages,,,,,,,,
382,Blonde Double Shot w/ 2% Milk,Tall,60,1,9,0,3,35,
383,,Grande,80,1,15,0,3,40,
384,,Venti Iced 24oz,150,2,28,0,4,55,
385,Blonde Double Shot w/ Nonfat Milk,Tall,50,0,10,0,3,35,
386,,Grande,70,0,15,0,3,35,
387,,Venti Iced 24oz,130,0,28,0,4,50,
388,Blonde Double Shot w/ Whole Milk,Tall,70,2,9,0,2,35,
389,,Grande,90,2,15,0,3,35,
390,,Venti Iced 24oz,160,3,28,0,4,50,
391,Caffè Americano,Solo,15,0,3,0,1,15,
392,,Short,5,0,1,0,0,5,
393,,Tall,10,0,2,0,1,10,
394,,Grande,15,0,3,0,1,15,
395,,Venti,25,0,4,0,1,15,
396,Caffè Latte w/ 2% Milk,Short,100,3.5,10,0,6,85,
397,,Tall,150,6,15,0,10,135,
398,,Grande,190,7,19,0,13,170,
399,,Venti,250,9,24,0,16,220,
400,Caffè Latte w/ Nonfat Milk,Short,70,0,10,0,7,80,
401,,Tall,100,0,15,0,10,120,
402,,Grande,130,0,20,0,13,150,
403,,Venti,170,0,25,0,17,200,
404,Caffè Latte w/ Whole Milk,Short,120,6,10,0,6,80,
405,,Tall,180,9,15,0,9,125,
406,,Grande,230,12,19,0,12,160,
407,,Venti,300,15,24,0,15,200,
408,Caffè Mocha,Solo,260,7,37,5,11,110,
409,,Short,130,3.5,18,3,6,55,
410,,Tall,200,5,28,4,9,90,
411,,Grande,260,7,37,5,11,110,
412,,Venti,330,9,46,6,15,140,
413,Caffè Mocha w/ 2% Milk,Short,150,4,21,2,7,70,
414,,Tall,230,6,32,3,10,115,
415,,Grande,290,8,42,4,13,140,
416,,Venti,380,11,53,5,17,190,
417,Caffè Mocha w/ 2% Milk,Short,200,9,22,2,7,75,
418,,Tall,290,13,34,3,11,120,
419,,Grande,360,15,44,4,13,150,
420,,Venti,450,18,55,5,17,190,
421,Caffè Mocha w/ Nonfat Milk,Short,120,1.5,21,2,7,65,
422,,Tall,190,2,32,3,10,100,
423,,Grande,250,2.5,42,4,13,125,
424,,Venti,310,3.5,54,5,17,170,
425,Caffè Mocha w/ Whipped Cream,Short,180,9,20,3,6,60,
426,,Tall,260,11,30,4,9,95,
427,,Grande,330,14,39,5,12,115,
428,,Venti,400,16,48,6,15,150,
429,Caffè Mocha w/ Whole Milk,Short,160,6,21,2,6,65,
430,,Tall,250,9,32,3,10,105,
431,,Grande,330,12,42,4,13,130,
432,,Venti,420,16,53,5,16,170,
433,Caffè Mocha w/ Whole Milk,Short,210,11,22,2,7,70,
434,,Tall,310,16,34,3,10,110,
435,,Grande,400,19,44,4,13,135,
436,,Venti,490,23,55,5,17,180,
437,Cappuccino w/ 2% Milk,Short,80,3,8,0,5,70,
438,,Tall,90,3.5,9,0,6,80,
439,,Grande,120,4,12,0,8,100,
440,,Venti,150,6,16,0,10,135,
441,Cappuccino w/ Nonfat Milk,Short,50,0,8,0,5,60,
442,,Tall,60,0,9,0,6,70,
443,,Grande,80,0,12,0,8,90,
444,,Venti,110,0,16,0,10,120,
445,Cappuccino w/ Whole Milk,Short,90,4.5,8,0,5,60,
446,,Tall,110,6,9,0,6,75,
447,,Grande,140,7,12,0,7,90,
448,,Venti,190,9,16,0,10,125,
449,Caramel Macchiato w/ 2% Milk,Short,120,4,16,0,5,80,
450,,Tall,190,6,26,0,8,120,
451,,Grande,250,7,35,0,10,150,
452,,Venti,310,9,44,0,13,190,
453,Caramel Macchiato w/ Nonfat Milk,Short,100,1,16,0,5,70,
454,,Tall,150,1.5,27,0,8,105,
455,,Grande,200,1.5,36,0,11,135,
456,,Venti,250,1.5,45,0,13,170,
457,Caramel Macchiato w/ Whole Milk,Short,140,6,16,0,5,70,
458,,Tall,210,9,26,0,8,110,
459,,Grande,280,11,35,0,10,140,
460,,Venti,350,13,44,0,12,170,
461,Cinnamon Dolce Latte w/ 2% Milk,Short,130,3.5,21,0,6,80,
462,,Tall,210,5,31,0,9,125,
463,,Grande,270,7,41,0,11,160,
464,,Venti,350,9,52,0,15,200,
465,Cinnamon Dolce Latte w/ 2% Milk,Short,190,8,23,0,6,80,
466,,Tall,270,11,34,0,9,130,
467,,Grande,340,13,44,0,12,160,
468,,Venti,420,15,55,0,15,210,
469,Cinnamon Dolce Latte w/ Nonfat Milk,Short,110,0,21,0,6,70,
470,,Tall,170,0,32,0,9,110,
471,,Grande,220,0,42,0,12,140,
472,,Venti,280,0,53,0,15,180,
473,Cinnamon Dolce Latte w/ Nonfat Milk,Short,160,5,23,0,6,75,
474,,Tall,230,6,34,0,10,115,
475,,Grande,290,7,44,0,12,150,
476,,Venti,350,7,55,0,16,190,
477,Cinnamon Dolce Latte w/ Whole Milk,Short,150,5,21,0,5,70,
478,,Tall,240,9,31,0,9,115,
479,,Grande,310,11,41,0,11,140,
480,,Venti,390,14,52,0,14,190,
481,Cinnamon Dolce Latte w/ Whole Milk,Short,210,10,23,0,6,75,
482,,Tall,300,14,34,0,9,120,
483,,Grande,380,18,44,0,11,150,
484,,Venti,470,21,55,0,15,190,
485,Espresso,Doppio,10,0,2,0,1,0,
486,,Tripple,15,0,3,0,2,0,
487,,Quad,20,0,4,0,2,0,
488,Espresso Con Panna,Doppio,35,2.5,3,0,1,0,
489,,Tripple,40,2.5,4,0,1,0,
490,,Quad,50,2.5,5,0,2,0,
491,Espresso Con Panna w/ Whipped Cream,Solo,30,2.5,2,0,0,0,
492,,Doppio,35,2.5,3,0,1,0,
493,,Tripple,40,2.5,4,0,1,0,
494,,Quad,50,2.5,5,0,2,0,
495,Espresso Macchiato w/ 2% Milk,Solo,10,0,1,0,0,0,
496,,Doppio,15,0,2,0,1,0,
497,,Tripple,20,0,3,0,1,0,
498,,Quad,25,0,4,0,2,0,
499,Espresso Macchiato w/ Nonfat Milk,Solo,5,0,1,0,0,0,
500,,Doppio,15,0,2,0,1,0,
501,,Tripple,20,0,3,0,1,0,
502,,Quad,25,0,4,0,2,0,
503,Espresso Macchiato w/ Whole Milk,Solo,10,0,1,0,0,0,
504,,Doppio,15,0,2,0,1,0,
505,,Tripple,20,0,3,0,1,0,
506,,Quad,25,0,4,0,2,0,
507,Flat White,Solo,150,5,13,1,10,130,
508,,Short,70,2.5,6,1,5,65,
509,,Tall,110,4,10,1,8,100,
510,,Grande,150,5,13,1,10,130,
511,,Venti,190,7,16,2,13,170,
512,Flat White w/ 2% Milk,Short,90,3.5,9,0,6,80,
513,,Tall,140,5,14,0,9,130,
514,,Grande,180,7,18,0,12,160,
515,,Venti,240,9,24,0,16,220,
516,Flat White w/ Nonfat Milk,Short,60,0,9,0,6,70,
517,,Tall,100,0,15,0,10,115,
518,,Grande,130,0,19,0,12,150,
519,,Venti,170,0,24,0,16,190,
520,Flat White w/ Whole Milk,Short,110,5,9,0,6,70,
521,,Tall,170,9,14,0,9,115,
522,,Grande,220,11,18,0,12,150,
523,,Venti,290,15,24,0,15,200,
524,Iced Caffè Americano,Solo,15,0,3,0,1,15,
525,,Tall,10,0,2,0,1,10,
526,,Grande,15,0,3,0,1,15,
527,,Venti Iced 24oz,25,0,4,0,1,20,
528,Iced Caffè Latte w/ 2% Milk,Tall,100,3.5,10,0,6,90,
529,,Grande,130,4.5,13,0,8,115,
530,,Venti Iced 24oz,180,6,18,0,12,160,
531,Iced Caffè Latte w/ Nonfat Milk,Tall,70,0,10,0,6,80,
532,,Grande,90,0,13,0,8,105,
533,,Venti Iced 24oz,130,0,19,0,12,140,
534,Iced Caffè Latte w/ Whole Milk,Tall,120,6,10,0,6,85,
535,,Grande,150,7,13,0,8,105,
536,,Venti Iced 24oz,210,10,18,0,11,150,
537,Iced Caffè Mocha,Solo,210,5,33,5,8,75,
538,,Tall,160,4,25,3,6,60,
539,,Grande,210,5,33,5,8,75,
540,,Venti Iced 24oz,310,7,49,7,12,100,
541,Iced Caffè Mocha w/ 2% Milk,Tall,180,4.5,27,3,7,70,
542,,Grande,230,6,36,4,9,90,
543,,Venti Iced 24oz,340,8,53,6,13,120,
544,Iced Caffè Mocha w/ 2% Milk,Tall,260,12,29,3,7,80,
545,,Grande,350,17,39,4,10,100,
546,Iced Caffè Mocha w/ Nonfat Milk,Tall,150,2,27,3,7,65,
547,,Grande,200,2.5,36,4,9,80,
548,,Venti Iced 24oz,300,3.5,53,6,13,110,
549,Iced Caffè Mocha w/ Nonfat Milk,Tall,240,10,30,3,7,75,
550,,Grande,320,14,40,4,10,90,
551,,Venti Iced 24oz,410,15,57,6,14,120,
552,Iced Caffè Mocha w/ Whipped Cream,Tall,240,12,27,3,7,65,
553,,Grande,330,16,37,5,9,85,
554,,Venti Iced 24oz,430,18,53,7,12,110,
555,Iced Caffè Mocha w/ Whole Milk,Tall,190,6,27,3,7,65,
556,,Grande,250,8,36,4,9,80,
557,,Venti Iced 24oz,360,11,53,6,12,110,
558,Iced Caffè Mocha w/ Whole Milk,Tall,270,14,29,3,7,75,
559,,Venti Iced 24oz,470,22,56,6,13,125,
560,Iced Caramel Macchiato w/ 2% Milk,Tall,180,5,26,0,7,110,
561,,Grande,250,7,37,0,10,150,
562,,Venti Iced 24oz,350,9,53,0,13,200,
563,Iced Caramel Macchiato w/ Nonfat Milk,Tall,140,1.5,26,0,7,100,
564,,Grande,210,2,37,0,10,135,
565,,Venti Iced 24oz,290,2.5,53,0,14,180,
566,Iced Caramel Macchiato w/ Whole Milk,Tall,200,8,26,0,7,100,
567,,Grande,280,11,37,0,9,140,
568,,Venti Iced 24oz,390,14,53,0,13,190,
569,Iced Cinnamon Dolce Latte w/ 2% Milk,Tall,160,3.5,27,0,6,85,
570,,Grande,210,4,36,0,8,110,
571,,Venti Iced 24oz,310,6,53,0,11,150,
572,Iced Cinnamon Dolce Latte w/ 2% Milk,Tall,240,11,30,0,6,90,
573,,Grande,290,12,39,0,8,115,
574,Iced Cinnamon Dolce Latte w/ Nonfat Milk,Tall,130,0,27,0,6,75,
575,,Grande,180,0,36,0,8,95,
576,,Venti Iced 24oz,260,0,53,0,11,135,
577,Iced Cinnamon Dolce Latte w/ Nonfat Milk,Tall,220,8,30,0,7,80,
578,,Grande,260,8,39,0,8,105,
579,,Venti Iced 24oz,370,11,57,0,12,140,
580,Iced Cinnamon Dolce Latte w/ Whole Milk,Tall,180,5,27,0,6,75,
581,,Grande,240,7,36,0,7,100,
582,,Venti Iced 24oz,340,10,53,0,10,140,
583,Iced Cinnamon Dolce Latte w/ Whole Milk,Tall,260,13,30,0,6,85,
584,,Venti Iced 24oz,450,21,56,0,11,150,
585,Iced Latte Macchiato w/ 2% Milk,Tall,100,3.5,10,0,6,0,
586,,Grande,130,4.5,13,0,8,0,
587,,Venti Iced 24oz,180,7,19,0,12,0,
588,Iced Latte Macchiato w/ Nonfat Milk,Tall,70,0,10,0,6,0,
589,,Grande,90,0,14,0,9,0,
590,,Venti Iced 24oz,130,0,19,0,12,0,
591,Iced Latte Macchiato w/ Whole Milk,Tall,120,6,10,0,6,0,
592,,Grande,150,8,13,0,8,0,
593,,Venti Iced 24oz,220,11,19,0,11,0,
594,Iced Skinny Cinnamon Dolce Latte w/ Nonfat Milk,Tall,60,0,9,0,6,85,
595,,Grande,80,0,12,0,7,110,
596,,Venti Iced 24oz,110,0,17,0,10,150,
597,Iced Skinny Mocha w/ Nonfat Milk,Tall,90,1,13,3,7,75,
598,,Grande,120,1.5,17,4,9,95,
599,,Venti Iced 24oz,170,2.5,25,6,13,130,
600,Iced Smoked Butterscotch Latte w/ 2% Milk,Tall,220,9,30,0,6,230,
601,,Grande,290,11,39,0,7,300,
602,,Venti Iced 24oz,420,17,57,1,10,430,
603,Iced Smoked Butterscotch Latte w/ Nonfat Milk,Tall,190,6,30,0,6,220,
604,,Grande,260,8,40,0,7,290,
605,,Venti Iced 24oz,380,11,58,1,10,420,
606,Iced Smoked Butterscotch Latte w/ Whole Milk,Tall,240,11,30,0,5,220,
607,,Grande,310,14,39,0,7,290,
608,,Venti Iced 24oz,450,20,57,1,10,420,
609,Iced Vanilla Latte w/ 2% Milk,Tall,140,3,23,0,6,75,
610,,Grande,190,4,30,0,7,100,
611,,Venti Iced 24oz,270,5,45,0,10,130,
612,Iced Vanilla Latte w/ Nonfat Milk,Tall,120,0,24,0,6,90,
613,,Grande,160,0,31,0,7,90,
614,,Venti Iced 24oz,220,0,45,0,10,125,
615,Iced Vanilla Latte w/ Whole Milk,Tall,160,5,23,0,5,75,
616,,Grande,210,6,30,0,7,90,
617,,Venti Iced 24oz,300,9,45,0,10,130,
618,Iced White Chocolate Mocha w/ 2% Milk,Tall,230,6,35,0,8,140,
619,,Grande,300,8,47,0,10,190,
620,,Venti Iced 24oz,440,12,70,0,14,270,
621,Iced White Chocolate Mocha w/ 2% Milk,Tall,310,14,38,0,8,150,
622,,Grande,420,20,50,0,11,200,
623,Iced White Chocolate Mocha w/ Nonfat Milk,Tall,200,3.5,36,0,8,135,
624,,Grande,270,4.5,48,0,10,180,
625,,Venti Iced 24oz,400,7,70,0,15,260,
626,Iced White Chocolate Mocha w/ Nonfat Milk,Tall,280,12,38,0,8,150,
627,,Grande,380,16,51,0,11,190,
628,,Venti Iced 24oz,510,18,73,0,15,270,
629,Iced White Chocolate Mocha w/ Whole Milk,Tall,240,8,35,0,7,140,
630,,Grande,320,11,47,0,10,180,
631,,Venti Iced 24oz,470,16,70,0,14,260,
632,Iced White Chocolate Mocha w/ Whole Milk,Tall,330,16,38,0,8,150,
633,,Grande,440,22,50,0,10,190,
634,,Venti Iced 24oz,580,27,73,0,15,270,
635,Latte Macchiato w/ 2% Milk,Short,90,3.5,9,0,6,80,
636,,Tall,140,5,15,0,9,130,
637,,Grande,190,7,19,0,12,160,
638,,Venti,240,9,24,0,16,210,
639,Latte Macchiato w/ Nonfat Milk,Short,60,0,10,0,6,70,
640,,Tall,100,0,15,0,10,115,
641,,Grande,130,0,19,0,12,150,
642,,Venti,170,0,25,0,16,190,
643,Latte Macchiato w/ Whole Milk,Short,110,5,9,0,6,70,
644,,Tall,170,9,15,0,9,115,
645,,Grande,220,11,19,0,12,150,
646,,Venti,290,15,24,0,15,200,
647,Skinny Mocha w/ Nonfat Milk,Short,80,1,12,2,7,70,
648,,Tall,130,1,18,3,11,115,
649,,Grande,160,1.5,24,4,14,140,
650,,Venti,210,2,30,5,18,190,
651,Smoked Butterscotch Latte w/ 2% Milk,Short,180,7,23,0,6,180,
652,,Tall,270,11,35,0,9,270,
653,,Grande,350,14,45,0,12,350,
654,,Venti,450,18,57,1,15,450,
655,Smoked Butterscotch Latte w/ Nonfat Milk,Short,150,4,23,0,6,170,
656,,Tall,230,6,35,0,9,260,
657,,Grande,300,8,46,0,12,340,
658,,Venti,380,10,58,1,15,430,
659,Smoked Butterscotch Latte w/ Whole Milk,Short,200,9,23,0,6,170,
660,,Tall,300,14,35,0,9,260,
661,,Grande,390,18,45,0,11,340,
662,,Venti,490,23,57,1,14,430,
663,Starbucks Doubleshot® on Ice Beverage w/ 2% Milk,Tall,40,1,4,0,3,35,
664,,Grande,45,1,5,0,3,40,
665,,Venti Iced 24oz,70,2,8,0,4,55,
666,Starbucks Doubleshot® on Ice Beverage w/ Nonfat Milk,Tall,30,0,5,0,3,35,
667,,Grande,35,0,5,0,3,35,
668,,Venti Iced 24oz,50,0,8,0,4,50,
669,Starbucks Doubleshot® on Ice Beverage w/ Whole Milk,Tall,45,2,4,0,2,35,
670,,Grande,50,2,5,0,3,35,
671,,Venti Iced 24oz,80,3,8,0,4,55,
672,Vanilla Latte w/ 2% Milk,Short,130,3.5,18,0,6,80,
673,,Tall,200,5,28,0,9,125,
674,,Grande,250,6,37,0,12,150,
675,,Venti,320,9,46,0,15,200,
676,Vanilla Latte w/ Nonfat Milk,Short,100,0,19,0,6,70,
677,,Tall,150,0,28,0,9,110,
678,,Grande,200,0,37,0,12,140,
679,,Venti,250,0,47,0,15,180,
680,Vanilla Latte w/ Whole Milk,Short,140,5,18,0,6,70,
681,,Tall,220,9,28,0,9,115,
682,,Grande,290,11,37,0,11,140,
683,,Venti,370,14,46,0,14,190,
684,White Chocolate Mocha w/ 2% Milk,Short,180,5,26,0,7,120,
685,,Tall,280,8,40,0,11,190,
686,,Grande,360,11,53,0,14,240,
687,,Venti,460,14,67,0,18,310,
688,White Chocolate Mocha w/ 2% Milk,Short,230,10,28,0,7,125,
689,,Tall,340,14,42,0,11,190,
690,,Grande,430,18,55,0,14,250,
691,,Venti,530,21,69,0,19,320,
692,White Chocolate Mocha w/ Nonfat Milk,Short,160,2.5,27,0,7,110,
693,,Tall,240,3.5,40,0,11,170,
694,,Grande,310,5,53,0,14,220,
695,,Venti,390,6,67,0,18,290,
696,White Chocolate Mocha w/ Nonfat Milk,Short,210,8,28,0,7,115,
697,,Tall,300,10,42,0,11,180,
698,,Grande,380,12,55,0,15,230,
699,,Venti,470,13,69,0,19,290,
700,White Chocolate Mocha w/ Whole Milk,Short,200,7,26,0,7,115,
701,,Tall,300,12,40,0,11,180,
702,,Grande,400,15,53,0,14,230,
703,,Venti,510,19,67,0,17,290,
704,White Chocolate Mocha w/ Whole Milk + Whipped Cream,Short,250,12,28,0,7,120,
705,,Tall,370,18,42,0,11,180,
706,,Grande,470,22,55,0,14,230,
707,,Venti,580,26,69,0,18,300,
708,Frappuccino® Blended Beverages,,,,,,,,
709,Caffè Vanilla Frappuccino® Blended Coffee w/ 2% Milk,Grande,300,2,68,0,4,220,
710,,Venti,400,3,89,0,5,300,
711,Caffè Vanilla Frappuccino® Blended Coffee w/ 2% Milk + Whipped Cream,Grande,420,13,72,0,4,230,
712,,Venti,510,14,92,0,6,310,
713,Caffè Vanilla Frappuccino® Blended Coffee w/ Almond,Tall,190,1.5,45,1,1,160,
714,,Grande,280,1.5,66,1,1,220,
715,,Venti,360,2.5,85,1,1,290,
716,Caffè Vanilla Frappuccino® Blended Coffee w/ Almond + Whipped Cream,Tall,280,9,48,1,1,160,
717,,Grande,390,13,69,1,1,230,
718,,Venti,480,13,88,1,2,300,
719,Caffè Vanilla Frappuccino® Blended Coffee w/ Coconut,Tall,200,1.5,46,0,0,150,
720,,Grande,290,2,68,0,0,210,
721,,Venti,380,3,87,0,1,290,
722,Caffè Vanilla Frappuccino® Blended Coffee w/ Coconut + Whipped Cream,Tall,280,9,49,0,1,160,
723,,Grande,400,13,71,0,1,220,
724,,Venti,490,14,90,0,2,290,
725,Caffè Vanilla Frappuccino® Blended Coffee w/ Nonfat Milk,Tall,200,0,48,0,3,160,
726,,Grande,290,0,69,0,4,220,
727,,Venti,380,0,89,0,5,290,
728,Caffè Vanilla Frappuccino® Blended Coffee w/ Nonfat Milk + Whipped Cream,Grande,400,11,72,0,4,230,
729,,Venti,490,11,92,0,6,300,
730,Caffè Vanilla Frappuccino® Blended Coffee w/ Soy,Grande,310,1.5,70,1,3,210,
731,,Venti,400,2.5,91,1,4,290,
732,Caffè Vanilla Frappuccino® Blended Coffee w/ Soy + Whipped Cream,Grande,420,13,73,1,4,220,
733,,Venti,520,13,94,1,5,290,
734,Caffè Vanilla Frappuccino® Blended Coffee w/ Whole Milk,Tall,220,2.5,48,0,3,160,
735,,Grande,310,3,68,0,3,220,
736,,Venti,420,4.5,89,0,5,290,
737,Caffè Vanilla Frappuccino® Blended Coffee w/ Whole Milk + Whipped Cream,Tall,300,10,50,0,3,160,
738,,Grande,430,14,72,0,4,230,
739,,Venti,530,16,92,0,6,300,
740,Caffè Vanilla Light Frappuccino® Blended Coffee w/ 2% Milk,Grande,300,2,68,0,4,220,
741,,Venti,400,3,88,0,5,290,
742,Caffè Vanilla Light Frappuccino® Blended Coffee w/ 2% Milk + Whipped Cream,Grande,420,13,72,0,4,230,
743,,Venti,510,14,91,0,6,300,
744,Caffè Vanilla Light Frappuccino® Blended Coffee w/ Coconut,Tall,200,1.5,47,0,0,150,
745,,Grande,290,2,68,0,0,210,
746,,Venti,380,3,87,0,1,280,
747,Caffè Vanilla Light Frappuccino® Blended Coffee w/ Coconut + Whipped Cream,Tall,280,10,49,0,1,160,
748,Caffè Vanilla Light Frappuccino® Blended Coffee w/ Coconut + Whipped Cream,Grande,400,13,71,0,1,220,
749,Caffè Vanilla Light Frappuccino® Blended Coffee w/ coconut + Whipped Cream,Venti,490,14,90,0,1,290,
750,Caffè Vanilla Light Frappuccino® Blended Coffee w/ Nonfat Milk,Tall,130,0,30,0,3,160,
751,,Grande,180,0,41,0,3,210,
752,,Venti,250,0,56,1,5,290,
753,Caffè Vanilla Light Frappuccino® Blended Coffee w/ Nonfat Milk + Whipped Cream,Grande,400,11,72,0,4,230,
754,,Venti,490,11,92,0,6,300,
755,Caffè Vanilla Light Frappuccino® Blended Coffee w/ Soy,Grande,310,1.5,70,1,3,210,
756,,Venti,400,2.5,90,1,4,280,
757,Caffè Vanilla Light Frappuccino® Blended Coffee w/ Soy + Whipped Cream,Grande,420,13,73,1,4,220,
758,,Venti,510,14,94,1,5,290,
759,Caffè Vanilla Light Frappuccino® Blended Coffee w/ Whole Milk,Tall,220,2.5,47,0,3,150,
760,,Venti,410,5,88,0,5,290,
761,,Grande,310,3,68,0,3,220,
762,Caffè Vanilla Light Frappuccino® Blended Coffee w/ Whole Milk + Whipped Cream,Tall,300,11,50,0,3,160,
763,,Grande,430,14,72,0,4,230,
764,,Venti,530,16,91,0,6,300,
765,Caramel Cocoa Cluster Frappuccino® Blended Coffee w/ 2% Milk,Grande,320,4.5,66,0,3,290,
766,,Venti,400,6,83,0,5,370,
767,Caramel Cocoa Cluster Frappuccino® Blended Coffee w/ 2% Milk + Whipped Cream,Grande,440,16,71,0,4,300,
768,,Venti,520,17,87,0,6,380,
769,Caramel Cocoa Cluster Frappuccino® Blended Coffee w/ Coconut,Tall,220,4,46,0,0,190,
770,,Grande,300,4.5,65,0,1,280,
771,,Venti,380,6,80,0,1,360,
772,Caramel Cocoa Cluster Frappuccino® Blended Coffee w/ Coconut + Whipped Cream,Tall,310,12,50,0,1,200,
773,,Grande,420,16,69,0,1,290,
774,,Venti,500,17,85,0,2,370,
775,Caramel Cocoa Cluster Frappuccino® Blended Coffee w/ Nonfat Milk,Tall,220,2.5,47,0,3,200,
776,,Grande,300,3,66,0,3,280,
777,,Venti,380,3,83,0,5,360,
778,Caramel Cocoa Cluster Frappuccino® Blended Coffee w/ Nonfat Milk + Whipped Cream,Grande,420,14,71,0,4,300,
779,,Venti,500,14,88,0,6,370,
780,Caramel Cocoa Cluster Frappuccino® Blended Coffee w/ Soy,Grande,320,4,67,0,3,280,
781,,Venti,400,5,85,1,4,350,
782,Caramel Cocoa Cluster Frappuccino® Blended Coffee w/ Soy + Whipped Cream,Grande,440,16,72,1,4,290,
783,,Venti,520,16,89,1,5,370,
784,Caramel Cocoa Cluster Frappuccino® Blended Coffee w/ Whole Milk,Tall,240,5,47,0,3,200,
785,,Venti,410,7,83,0,5,360,
786,,Grande,330,6,66,0,3,290,
787,Caramel Cocoa Cluster Frappuccino® Blended Coffee w/ Whole Milk + Whipped Cream,Tall,330,13,51,0,3,200,
788,,Grande,450,17,71,0,4,300,
789,,Venti,530,19,87,0,6,370,
790,Caramel Frappuccino® Blended Coffee w/ 2% Milk,Grande,270,2,60,0,4,230,
791,,Venti,360,3,78,0,5,310,
792,Caramel Frappuccino® Blended Coffee w/ 2% Milk + Whipped Cream,Grande,410,14,67,0,4,250,
793,,Venti,500,15,85,0,6,330,
794,Caramel Frappuccino® Blended Coffee w/ Almond,Tall,170,1.5,40,0,1,160,
795,,Grande,250,1.5,57,1,1,230,
796,,Venti,320,2.5,74,1,1,300,
797,Caramel Frappuccino® Blended Coffee w/ Almond + Whipped Cream,Tall,270,10,45,0,1,180,
798,,Grande,380,14,64,1,2,250,
799,,Venti,460,14,81,1,2,320,
800,Caramel Frappuccino® Blended Coffee w/ Coconut,Tall,180,2,41,0,0,160,
801,,Grande,260,2,59,0,0,220,
802,,Venti,340,3.5,76,0,1,300,
803,Caramel Frappuccino® Blended Coffee w/ Coconut + Whipped Cream,Tall,280,10,46,0,1,170,
804,,Grande,390,14,65,0,1,240,
805,,Venti,470,15,83,0,1,320,
806,Caramel Frappuccino® Blended Coffee w/ Nonfat Milk,Tall,180,0,42,0,3,160,
807,,Grande,260,0,60,0,4,230,
808,,Venti,340,0,79,0,5,300,
809,Caramel Frappuccino® Blended Coffee w/ Nonfat Milk + Whipped Cream,Grande,390,12,67,0,4,240,
810,,Venti,470,12,85,0,6,320,
811,Caramel Frappuccino® Blended Coffee w/ Soy,Grande,280,1.5,62,0,3,220,
812,,Venti,360,2.5,81,1,5,290,
813,Caramel Frappuccino® Blended Coffee w/ Soy + Whipped Cream,Grande,410,14,68,0,4,240,
814,,Venti,500,14,88,1,5,310,
815,Caramel Frappuccino® Blended Coffee w/ Whole Milk,Tall,200,2.5,42,0,3,160,
816,,Venti,380,5,78,0,5,300,
817,,Grande,280,3.5,60,0,3,230,
818,Caramel Frappuccino® Blended Coffee w/ Whole Milk + Whipped Cream,Tall,300,11,47,0,3,180,
819,,Grande,420,15,67,0,4,250,
820,,Venti,510,17,85,0,6,320,
821,Caramel Light Frappuccino® Blended Coffee w/ Nonfat Milk,Tall,100,0,22,0,3,150,
822,,Grande,140,0,30,0,3,190,
823,,Venti,190,0,40,0,5,260,
824,Chai Crème Frappuccino® Blended Crème w/ 2% Milk,Grande,230,2.5,49,0,4,220,
825,,Venti,330,4,66,0,7,320,
826,Chai Crème Frappuccino® Blended Crème w/ 2% Milk + Whipped Cream,Grande,350,14,52,0,5,230,
827,,Venti,440,15,69,0,8,330,
828,Chai Crème Frappuccino® Blended Crème w/ Almond,Tall,130,1.5,30,1,1,160,
829,,Grande,200,2,45,1,1,220,
830,,Venti,270,3.5,60,1,1,320,
831,Chai Crème Frappuccino® Blended Crème w/ Almond + Whipped Cream,Tall,210,10,32,1,1,170,
832,,Grande,310,13,49,1,2,230,
833,,Venti,380,14,63,1,2,330,
834,Chai Crème Frappuccino® Blended Crème w/ Coconut,Tall,140,2,31,0,0,150,
835,,Grande,210,2.5,47,0,1,210,
836,,Venti,290,4.5,63,0,1,300,
837,Chai Crème Frappuccino® Blended Crème w/ Coconut + Whipped Cream,Tall,220,10,33,0,1,160,
838,,Grande,330,14,50,0,1,220,
839,,Venti,400,16,66,0,1,310,
840,Chai Crème Frappuccino® Blended Crème w/ Nonfat Milk,Tall,140,0,33,0,4,150,
841,,Grande,210,0,49,0,5,210,
842,,Venti,290,0,66,0,7,310,
843,Chai Crème Frappuccino® Blended Crème w/ Nonfat Milk + Whipped Cream,Grande,330,11,53,0,5,220,
844,,Venti,410,11,70,0,8,320,
845,Chai Crème Frappuccino® Blended Crème w/ Soy,Grande,240,2,51,1,4,210,
846,,Venti,330,3.5,69,1,6,300,
847,Chai Crème Frappuccino® Blended Crème w/ Soy + Whipped Cream,Grande,350,13,54,1,4,220,
848,,Venti,440,14,72,1,7,310,
849,Chai Crème Frappuccino® Blended Crème w/ Whole Milk,Tall,170,3.5,32,0,3,150,
850,,Venti,350,7,66,0,7,310,
851,,Grande,250,4,49,0,4,210,
852,Chai Crème Frappuccino® Blended Crème w/ Whole Milk + Whipped Cream,Tall,250,11,35,0,4,160,
853,,Grande,360,15,52,0,5,220,
854,,Venti,460,18,69,0,7,320,
855,Christmas Tree Frappuccino® Blended Crème w/ 2% Milk,Grande,410,20,53,1,6,220,
856,,Venti,480,18,71,2,8,320,
857,,Venti,480,18,71,2,8,320,
858,Christmas Tree Frappuccino® Blended Crème w/ Almond,Tall,290,17,34,1,2,160,
859,,Grande,380,19,50,2,3,220,
860,,Venti,430,17,66,3,3,310,
861,,Venti,430,17,66,3,3,310,
862,Christmas Tree Frappuccino® Blended Crème w/ Coconut,Tall,300,17,35,1,2,150,
863,,Grande,390,20,51,1,2,210,
864,,Venti,450,18,68,2,3,300,
865,Christmas Tree Frappuccino® Blended Crème w/ Nonfat Milk,Tall,300,16,37,1,4,150,
866,,Grande,390,18,53,1,6,220,
867,,Venti,450,15,71,2,8,310,
868,Christmas Tree Frappuccino® Blended Crème w/ Soy,Grande,410,19,55,2,5,210,
869,,Venti,480,17,74,2,7,300,
870,Christmas Tree Frappuccino® Blended Crème w/ Whole Milk,Tall,320,18,36,1,4,160,
871,,Venti,490,20,71,2,8,310,
872,,Grande,420,21,53,1,6,220,
873,Cinnamon Dolce Frappuccino® Blended Coffee,Tall,210,2.5,43,0,4,180,
874,,Grande,260,3,52,0,5,220,
875,,Venti,370,4.5,77,0,7,320,
876,Cinnamon Dolce Frappuccino® Blended Coffee w/ Almond,Tall,210,2.5,43,0,4,180,
877,Cinnamon Dolce Frappuccino® Blended Coffee w/ Whipped Cream,Tall,290,10,45,0,4,190,
878,,Grande,370,14,55,0,6,240,
879,,Venti,490,16,80,0,8,330,
880,Cinnamon Dolce Light Frappuccino® Blended Coffee w/ Nonfat Milk,Tall,110,0,25,0,3,160,
881,,Grande,160,0,36,0,3,210,
882,,Venti,200,0,45,0,5,290,
883,Cinnamon Roll Frappuccino® Blended Coffee w/ 2% Milk,Grande,380,4,83,0,5,250,
884,,Venti,470,5,100,0,6,320,
885,Cinnamon Roll Frappuccino® Blended Coffee w/ 2% Milk + Whipped Cream,Grande,500,15,87,0,5,260,
886,,Venti,590,16,104,0,7,340,
887,Cinnamon Roll Frappuccino® Blended Coffee w/ Coconut,Tall,220,2.5,48,0,1,160,
888,,Grande,370,4,82,0,2,240,
889,,Venti,450,5,98,0,2,310,
890,Cinnamon Roll Frappuccino® Blended Coffee w/ Coconut + Whipped Cream,Tall,300,11,51,0,1,160,
891,,Grande,490,15,86,0,3,250,
892,,Venti,560,16,102,0,3,330,
893,Cinnamon Roll Frappuccino® Blended Coffee w/ Nonfat Milk,Tall,220,1,49,0,3,160,
894,,Grande,370,2.5,83,0,5,240,
895,,Venti,450,2.5,101,0,6,320,
896,Cinnamon Roll Frappuccino® Blended Coffee w/ Nonfat Milk + Whipped Cream,Grande,490,14,87,0,5,250,
897,,Venti,560,14,104,0,7,330,
898,Cinnamon Roll Frappuccino® Blended Coffee w/ Soy,Grande,390,3.5,85,1,4,240,
899,,Venti,470,4.5,102,1,6,310,
900,Cinnamon Roll Frappuccino® Blended Coffee w/ Soy + Whipped Cream,Grande,500,15,88,1,5,250,
901,,Venti,590,16,106,1,6,320,
902,Cinnamon Roll Frappuccino® Blended Coffee w/ Whole Milk,Tall,240,3.5,49,0,3,160,
903,,Venti,480,7,100,0,6,320,
904,,Grande,390,5,83,0,4,240,
905,Cinnamon Roll Frappuccino® Blended Coffee w/ Whole Milk + Whipped Cream,Tall,320,11,52,0,3,170,
906,,Grande,510,16,87,0,5,250,
907,,Venti,600,18,104,0,7,330,
908,Coffee Frappuccino® Blended Coffee w/ 2% Milk,Grande,230,2,50,0,3,220,
909,,Venti,330,3,70,0,5,310,
910,Coffee Frappuccino® Blended Coffee w/ Almond,Tall,150,1.5,34,0,1,160,
911,,Grande,210,1.5,48,1,1,220,
912,,Venti,290,2.5,67,1,1,310,
913,Coffee Frappuccino® Blended Coffee w/ Coconut,Tall,160,2,36,0,0,150,
914,,Grande,220,2,50,0,0,210,
915,,Venti,310,3.5,69,0,1,300,
916,Coffee Frappuccino® Blended Coffee w/ Nonfat Milk,Tall,160,0,36,0,3,160,
917,,Grande,220,0,51,0,4,210,
918,,Venti,310,0,70,0,6,300,
919,Coffee Frappuccino® Blended Coffee w/ Soy,Grande,230,1.5,52,0,3,210,
920,,Venti,330,2.5,73,1,5,300,
921,Coffee Frappuccino® Blended Coffee w/ Whole Milk,Tall,180,2.5,36,0,3,160,
922,,Venti,350,5,70,0,5,300,
923,,Grande,240,3,50,0,3,220,
924,Coffee Light Frappuccino® Blended Coffee,Tall,90,0,18,0,3,150,
925,,Grande,110,0,24,0,3,200,
926,,Venti,160,0,33,0,5,270,
927,Coffee Light Frappuccino® Blended Coffee w/ Nonfat Milk,Tall,90,0,18,0,3,150,
928,,Grande,110,0,24,0,3,200,
929,,Venti,160,0,33,0,5,270,
930,Cupcake Crème Frappuccino® Blended Crème w/ 2% Milk,Grande,290,2.5,62,0,4,230,
931,,Venti,370,4,78,0,6,300,
932,Cupcake Crème Frappuccino® Blended Crème w/ 2% Milk + Whipped Cream,Grande,400,14,65,0,5,240,
933,,Venti,480,15,81,0,7,320,
934,Cupcake Crème Frappuccino® Blended Crème w/ Coconut,Tall,170,2,39,0,0,150,
935,,Grande,260,3,60,0,0,220,
936,,Venti,340,4,75,0,0,290,
937,Cupcake Crème Frappuccino® Blended Crème w/ Coconut + Whipped Cream,Tall,260,10,41,0,1,160,
938,,Grande,380,14,63,0,1,230,
939,,Venti,450,15,78,0,1,300,
940,Cupcake Crème Frappuccino® Blended Crème w/ Nonfat Milk,Tall,180,0,41,0,3,150,
941,,Grande,270,0,62,0,5,220,
942,,Venti,340,0,78,0,6,290,
943,Cupcake Crème Frappuccino® Blended Crème w/ Nonfat Milk + Whipped Cream,Grande,380,11,65,0,5,230,
944,,Venti,450,11,81,0,7,310,
945,Cupcake Crème Frappuccino® Blended Crème w/ Soy,Grande,290,2,64,1,4,220,
946,,Venti,370,3,81,1,5,290,
947,Cupcake Crème Frappuccino® Blended Crème w/ Soy + Whipped Cream,Grande,400,13,67,1,4,230,
948,,Venti,480,14,84,1,6,300,
949,Cupcake Crème Frappuccino® Blended Crème w/ Whole Milk,Tall,200,3.5,40,0,3,150,
950,,Venti,390,6,78,0,6,300,
951,,Grande,300,4.5,62,0,4,220,
952,Cupcake Crème Frappuccino® Blended Crème w/ Whole Milk + Whipped Cream,Tall,280,11,43,0,4,160,
953,,Grande,420,16,65,0,5,240,
954,,Venti,500,17,81,0,7,310,
955,Dark Mocha Crème Frappuccino® Blended Beverage w/ Almond,Tall,140,2.5,29,3,2,290,
956,Dark Mocha Crème Frappuccino® Blended Beverage w/ Almond + Whipped Cream,Tall,220,10,32,3,3,290,
957,Dark Mocha Crème Frappuccino® Blended Beverage w/ Coconut,Tall,150,3,31,2,2,280,
958,Dark Mocha Crème Frappuccino® Blended Beverage w/ Coconut + Whipped Cream,Tall,230,11,33,2,2,290,
959,Dark Mocha Crème Frappuccino® Blended Beverage w/ Nonfat Milk,Tall,150,1,32,2,5,290,
960,Dark Mocha Crème Frappuccino® Blended Beverage w/ Whole Milk,Tall,180,4,32,2,5,290,
961,Dark Mocha Crème Frappuccino® Blended Beverage w/ Whole Milk + Whipped Cream,Tall,260,12,35,2,5,290,
962,Dark Mocha Frappuccino® Blended Beverage w/ Almond,Tall,190,2.5,42,3,2,300,
963,Dark Mocha Frappuccino® Blended Beverage w/ Almond + Whipped Cream,Tall,270,10,44,3,3,310,
964,Dark Mocha Frappuccino® Blended Beverage w/ Coconut,Tall,200,3,43,2,2,300,
965,Dark Mocha Frappuccino® Blended Beverage w/ Coconut + Whipped Cream,Tall,280,11,45,2,3,300,
966,Dark Mocha Frappuccino® Blended Beverage w/ Nonfat Milk,Tall,200,1,45,2,5,300,
967,Dark Mocha Frappuccino® Blended Beverage w/ Whole Milk,Tall,230,4.5,45,2,5,300,
968,Dark Mocha Frappuccino® Blended Beverage w/ Whole Milk + Whipped Cream,Tall,310,12,47,2,6,310,
969,Dark Mocha Light Frappuccino® Blended Beverage w/ Nonfat Milk,Tall,110,4,24,2,4,270,
970,Double Chocolaty Chip Crème Frappuccino® Blended Crème,Tall,200,4.5,37,2,4,180,
971,,Grande,270,6,51,3,5,250,
972,,Venti,370,8,68,4,8,340,
973,Double Chocolaty Chip Crème Frappuccino® Blended Crème w/ 2% Milk,Grande,290,7,53,2,6,260,
974,,Venti,390,9,71,3,9,360,
975,Double Chocolaty Chip Crème Frappuccino® Blended Crème w/ 2% Milk + Whipped Cream,Grande,410,18,57,2,7,270,
976,,Venti,510,21,76,3,9,370,
977,Double Chocolaty Chip Crème Frappuccino® Blended Crème w/ Almond,Tall,180,4.5,35,2,2,190,
978,,Grande,250,6,49,3,2,260,
979,,Venti,340,9,65,4,3,350,
980,Double Chocolaty Chip Crème Frappuccino® Blended Crème w/ Almond + Whipped Cream,Tall,270,13,39,2,2,200,
981,,Grande,380,18,54,3,3,270,
982,,Venti,460,20,70,4,4,360,
983,Double Chocolaty Chip Crème Frappuccino® Blended Crème w/ Coconut,Tall,200,5,37,2,1,190,
984,,Grande,270,7,51,2,2,250,
985,,Venti,360,10,68,3,3,340,
986,Double Chocolaty Chip Crème Frappuccino® Blended Crème w/ Coconut + Whipped Cream,Tall,280,13,41,2,2,190,
987,,Grande,390,18,56,3,3,260,
988,,Venti,480,21,73,3,3,350,
989,Double Chocolaty Chip Crème Frappuccino® Blended Crème w/ Nonfat Milk,Tall,200,3,39,2,5,190,
990,,Grande,270,4,53,2,6,250,
991,,Venti,360,6,71,3,9,350,
992,Double Chocolaty Chip Crème Frappuccino® Blended Crème w/ Nonfat Milk + Whipped Cream,Grande,390,15,58,2,7,270,
993,,Venti,480,17,76,3,9,360,
994,Double Chocolaty Chip Crème Frappuccino® Blended Crème w/ Soy,Grande,290,6,55,3,5,250,
995,,Venti,400,8,74,4,8,340,
996,Double Chocolaty Chip Crème Frappuccino® Blended Crème w/ Soy + Whipped Cream,Grande,410,17,60,3,6,260,
997,,Venti,520,20,79,4,8,350,
998,Double Chocolaty Chip Crème Frappuccino® Blended Crème w/ Whipped Cream,Tall,290,13,40,2,5,190,
999,,Grande,400,17,55,3,6,260,
1000,,Venti,490,20,72,4,8,350,
1001,Double Chocolaty Chip Crème Frappuccino® Blended Crème w/ Whole Milk,Tall,220,6,38,2,4,190,
1002,,Venti,410,12,71,3,8,350,
1003,,Grande,300,8,53,2,6,260,
1004,Double Chocolaty Chip Crème Frappuccino® Blended Crème w/ Whole Milk + Whipped Cream,Tall,310,14,42,2,5,200,
1005,,Grande,420,20,57,2,7,270,
1006,,Venti,540,23,76,3,9,360,
1007,Green Tea Crème Frappuccino® Blended Crème w/ 2% Milk,Grande,300,3,64,1,5,230,
1008,,Venti,420,4,87,2,8,320,
1009,Green Tea Crème Frappuccino® Blended Crème w/ 2% Milk + Whipped Cream,Grande,420,14,68,1,6,240,
1010,,Venti,530,15,91,2,8,330,
1011,Green Tea Crème Frappuccino® Blended Crème w/ Almond,Tall,200,2,44,1,1,170,
1012,,Grande,270,2.5,61,2,2,220,
1013,,Venti,370,3.5,82,2,2,310,
1014,Green Tea Crème Frappuccino® Blended Crème w/ Almond + Whipped Cream,Tall,280,10,47,1,2,180,
1015,,Grande,380,14,64,2,2,230,
1016,,Venti,480,15,85,2,3,320,
1017,Green Tea Crème Frappuccino® Blended Crème w/ Coconut,Tall,210,2.5,46,1,1,160,
1018,,Grande,280,3,62,1,1,220,
1019,,Venti,380,4.5,85,2,2,300,
1020,Green Tea Crème Frappuccino® Blended Crème w/ Coconut + Whipped Cream,Tall,290,10,48,1,1,170,
1021,,Grande,390,14,66,1,2,230,
1022,,Venti,500,16,88,2,2,310,
1023,Green Tea Crème Frappuccino® Blended Crème w/ Nonfat Milk,Tall,210,0,47,1,4,170,
1024,,Grande,280,0,64,1,5,220,
1025,,Venti,390,0,88,2,8,310,
1026,Green Tea Crème Frappuccino® Blended Crème w/ Nonfat Milk + Whipped Cream,Grande,400,11,68,1,5,230,
1027,,Venti,500,12,91,2,9,320,
1028,Green Tea Crème Frappuccino® Blended Crème w/ Soy,Grande,310,2.5,66,2,5,220,
1029,,Venti,420,3.5,91,2,7,300,
1030,Green Tea Crème Frappuccino® Blended Crème w/ Soy + Whipped Cream,Grande,420,13,70,2,5,230,
1031,,Venti,540,15,94,2,7,310,
1032,Green Tea Crème Frappuccino® Blended Crème w/ Whole Milk,Tall,240,3.5,47,1,4,170,
1033,,Venti,440,7,87,2,7,310,
1034,,Grande,320,4.5,64,1,5,220,
1035,Green Tea Crème Frappuccino® Blended Crème w/ Whole Milk + Whipped Cream,Tall,320,12,50,1,5,180,
1036,,Grande,430,16,68,1,6,230,
1037,,Venti,550,18,91,2,8,320,
1038,Horchata Almondmilk Crème Frappuccino® w/ 2% Milk,Grande,240,3,48,0,5,0,
1039,,Venti,320,4,63,0,7,0,
1040,Horchata Almondmilk Crème Frappuccino® w/ 2% Milk + Whipped Cream,Grande,370,14,55,0,6,0,
1041,,Venti,450,16,70,0,8,0,
1042,Horchata Almondmilk Crème Frappuccino® w/ Almond,Tall,130,1.5,29,1,1,0,
1043,,Grande,200,2.5,44,1,1,0,
1044,,Venti,260,3.5,57,1,1,0,
1045,Horchata Almondmilk Crème Frappuccino® w/ Almond + Whipped Cream,Tall,230,10,34,1,1,0,
1046,,Grande,330,14,51,1,2,0,
1047,,Venti,400,15,64,1,2,0,
1048,Horchata Almondmilk Crème Frappuccino® w/ Coconut,Tall,140,2.5,30,0,0,0,
1049,,Grande,210,3,46,0,0,0,
1050,,Venti,280,4.5,60,0,0,0,
1051,Horchata Almondmilk Crème Frappuccino® w/ Coconut + Whipped Cream,Tall,240,11,36,0,1,0,
1052,,Grande,350,15,53,0,1,0,
1053,,Venti,420,16,67,0,1,0,
1054,Horchata Almondmilk Crème Frappuccino® w/ Nonfat Milk,Tall,140,0,32,0,4,0,
1055,,Grande,210,0,48,0,5,0,
1056,,Venti,280,0,63,0,7,0,
1057,Horchata Almondmilk Crème Frappuccino® w/ Nonfat Milk + Whipped Cream,Grande,350,12,55,0,6,0,
1058,,Venti,420,12,71,0,8,0,
1059,Horchata Almondmilk Crème Frappuccino® w/ Soy,Grande,240,2,50,1,4,0,
1060,,Venti,320,3.5,66,1,6,0,
1061,Horchata Almondmilk Crème Frappuccino® w/ Soy + Whipped Cream,Grande,370,14,57,1,5,0,
1062,,Venti,460,15,74,1,7,0,
1063,Horchata Almondmilk Crème Frappuccino® w/ Whole Milk,Tall,170,3.5,32,0,3,0,
1064,,Venti,340,7,63,0,7,0,
1065,,Grande,250,4.5,48,0,4,0,
1066,Horchata Almondmilk Crème Frappuccino® w/ Whole Milk + Whipped Cream,Tall,270,12,38,0,4,0,
1067,,Grande,390,16,55,0,5,0,
1068,,Venti,480,19,70,0,8,0,
1069,Horchata Almondmilk Frappuccino® Blended Beverage w/ 2% Milk,Grande,290,2,63,0,4,230,
1070,,Venti,390,3,84,0,5,330,
1071,Horchata Almondmilk Frappuccino® Blended Beverage w/ 2% Milk + Whipped Cream,Grande,420,14,70,0,5,250,
1072,,Venti,520,15,91,0,6,340,
1073,Horchata Almondmilk Frappuccino® Blended Beverage w/ Almond,Tall,180,1.5,40,0,1,160,
1074,,Grande,260,1.5,61,1,1,230,
1075,,Venti,350,2.5,80,1,1,320,
1076,Horchata Almondmilk Frappuccino® Blended Beverage w/ Almond + Whipped Cream,Tall,270,10,46,0,1,180,
1077,,Grande,390,13,68,1,2,250,
1078,,Venti,480,14,87,1,2,340,
1079,Horchata Almondmilk Frappuccino® Blended Beverage w/ Coconut,Tall,180,2,41,0,0,160,
1080,,Grande,270,2,62,0,0,230,
1081,,Venti,360,3.5,82,0,1,320,
1082,Horchata Almondmilk Frappuccino® Blended Beverage w/ Coconut + Whipped Cream,Tall,280,10,47,0,1,170,
1083,,Grande,400,14,69,0,1,240,
1084,,Venti,500,15,89,0,2,330,
1085,Horchata Almondmilk Frappuccino® Blended Beverage w/ Nonfat Milk,Tall,180,0,43,0,3,160,
1086,,Grande,270,0,64,0,4,230,
1087,,Venti,360,0,84,0,6,320,
1088,Horchata Almondmilk Frappuccino® Blended Beverage w/ Nonfat Milk + Whipped Cream,Grande,400,12,71,0,5,240,
1089,,Venti,500,12,91,0,7,340,
1090,Horchata Almondmilk Frappuccino® Blended Beverage w/ Soy,Grande,290,1.5,65,0,3,220,
1091,,Venti,390,2.5,87,1,5,310,
1092,Horchata Almondmilk Frappuccino® Blended Beverage w/ Soy + Whipped Cream,Grande,420,13,72,1,4,240,
1093,,Venti,530,14,94,1,6,330,
1094,Horchata Almondmilk Frappuccino® Blended Beverage w/ Whole Milk,Tall,210,2.5,43,0,3,160,
1095,,Venti,400,5,84,0,5,320,
1096,,Grande,300,3.5,63,0,3,230,
1097,Horchata Almondmilk Frappuccino® Blended Beverage w/ Whole Milk + Whipped Cream,Tall,300,11,48,0,3,180,
1098,,Grande,430,15,70,0,4,250,
1099,,Venti,540,17,91,0,6,340,
1100,Java Chip Frappuccino® Blended Coffee w/ 2% Milk,Grande,340,6,68,2,5,260,
1101,,Venti,460,8,91,3,7,350,
1102,Java Chip Frappuccino® Blended Coffee w/ 2% Milk + Whipped Cream,Grande,460,17,72,2,6,270,
1103,,Venti,580,20,96,3,8,360,
1104,Java Chip Frappuccino® Blended Coffee w/ Almond,Tall,220,4,45,2,2,180,
1105,,Grande,310,6,65,3,2,250,
1106,,Venti,420,8,86,4,3,340,
1107,Java Chip Frappuccino® Blended Coffee w/ Almond + Whipped Cream,Tall,310,12,49,2,2,190,
1108,,Grande,430,17,69,3,3,260,
1109,,Venti,540,19,91,4,4,360,
1110,Java Chip Frappuccino® Blended Coffee w/ Coconut,Tall,230,4.5,46,2,1,180,
1111,,Grande,320,6,66,2,2,250,
1112,,Venti,440,9,89,3,3,340,
1113,Java Chip Frappuccino® Blended Coffee w/ Coconut + Whipped Cream,Tall,320,13,50,2,2,180,
1114,,Grande,440,17,71,3,3,260,
1115,,Venti,560,20,94,3,4,350,
1116,Java Chip Frappuccino® Blended Coffee w/ Nonfat Milk,Tall,230,3,47,2,4,180,
1117,,Grande,320,4,68,2,5,250,
1118,,Venti,440,6,91,3,7,340,
1119,Java Chip Frappuccino® Blended Coffee w/ Nonfat Milk + Whipped Cream,Grande,440,15,72,2,6,260,
1120,,Venti,560,17,96,3,8,350,
1121,Java Chip Frappuccino® Blended Coffee w/ Soy,Grande,340,6,69,3,5,250,
1122,,Venti,460,8,93,4,7,340,
1123,Java Chip Frappuccino® Blended Coffee w/ Soy + Whipped Cream,Grande,460,17,74,3,5,260,
1124,,Venti,590,19,98,4,7,350,
1125,Java Chip Frappuccino® Blended Coffee w/ Whole Milk,Tall,250,5,47,2,4,180,
1126,,Venti,480,10,91,3,7,340,
1127,,Grande,350,7,68,2,5,250,
1128,Java Chip Frappuccino® Blended Coffee w/ Whole Milk + Whipped Cream,Tall,340,13,51,2,4,190,
1129,,Grande,470,18,72,2,6,260,
1130,,Venti,600,22,96,3,8,360,
1131,Java Chip Light Frappuccino® Blended Coffee w/ Nonfat Milk,Tall,150,3,29,2,4,170,
1132,,Grande,210,4,40,2,5,230,
1133,,Venti,270,5,51,3,7,310,
1134,Lemon Bar Crème Frappuccino® Blended Crème w/ 2% Milk,Grande,220,1,51,0,2,180,
1135,,Venti,280,1.5,66,0,2,230,
1136,Lemon Bar Crème Frappuccino® Blended Crème w/ 2% Milk + Whipped Cream,Grande,340,12,56,0,3,200,
1137,,Venti,400,13,71,0,3,250,
1138,Lemon Bar Crème Frappuccino® Blended Crème w/ Coconut,Tall,140,1,34,0,0,120,
1139,,Grande,210,1.5,50,0,0,180,
1140,,Venti,270,1.5,65,0,0,230,
1141,Lemon Bar Crème Frappuccino® Blended Crème w/ Coconut + Whipped Cream,Tall,230,9,38,0,1,135,
1142,,Grande,330,13,55,0,1,190,
1143,,Venti,390,13,70,0,1,240,
1144,Lemon Bar Crème Frappuccino® Blended Crème w/ Nonfat Milk,Tall,140,0,34,0,2,120,
1145,,Grande,210,0,51,0,2,180,
1146,,Venti,270,0,66,0,2,230,
1147,Lemon Bar Crème Frappuccino® Blended Crème w/ Nonfat Milk + Whipped Cream,Grande,330,11,56,0,3,190,
1148,,Venti,390,11,71,0,3,250,
1149,Lemon Bar Crème Frappuccino® Blended Crème w/ Soy,Grande,220,1,52,0,2,180,
1150,,Venti,280,1,67,0,2,230,
1151,Lemon Bar Crème Frappuccino® Blended Crème w/ Soy + Whipped Cream,Grande,340,12,57,0,2,190,
1152,,Venti,400,12,72,0,3,240,
1153,Lemon Bar Crème Frappuccino® Blended Crème w/ Whole Milk,Tall,150,1.5,34,0,1,120,
1154,,Venti,290,2,66,0,2,230,
1155,,Grande,220,2,51,0,2,180,
1156,Lemon Bar Crème Frappuccino® Blended Crème w/ Whole Milk + Whipped Cream,Tall,240,9,38,0,2,135,
1157,,Grande,350,13,56,0,3,190,
1158,,Venti,410,13,71,0,3,250,
1159,Mocha Frappuccino® Blended Coffee,Tall,190,2,41,1,3,160,
1160,,Grande,280,2.5,60,2,4,220,
1161,,Venti,370,3.5,79,2,6,300,
1162,Mocha Frappuccino® Blended Coffee w/ 2% Milk,Grande,290,3,61,1,4,230,
1163,,Venti,390,4,81,2,7,310,
1164,Mocha Frappuccino® Blended Coffee w/ 2% Milk + Whipped Cream,Grande,400,14,65,1,5,240,
1165,,Venti,500,15,84,2,7,320,
1166,Mocha Frappuccino® Blended Coffee w/ Almond,Tall,180,2,40,1,1,160,
1167,,Grande,260,2.5,58,2,2,230,
1168,,Venti,340,3.5,76,2,2,300,
1169,Mocha Frappuccino® Blended Coffee w/ Almond + Whipped Cream,Tall,260,10,42,1,2,170,
1170,,Grande,370,14,61,2,2,240,
1171,,Venti,460,15,80,2,3,310,
1172,Mocha Frappuccino® Blended Coffee w/ Coconut,Tall,190,2,41,1,1,160,
1173,,Grande,270,3,60,1,1,220,
1174,,Venti,360,4,79,2,2,300,
1175,Mocha Frappuccino® Blended Coffee w/ Coconut + Whipped Cream,Tall,270,10,43,1,1,160,
1176,,Grande,390,14,63,1,2,230,
1177,,Venti,470,15,82,2,2,310,
1178,Mocha Frappuccino® Blended Coffee w/ Nonfat Milk,Tall,190,0.5,42,1,3,160,
1179,,Grande,270,1,61,1,5,230,
1180,,Venti,360,1,81,2,7,300,
1181,Mocha Frappuccino® Blended Coffee w/ Nonfat Milk + Whipped Cream,Grande,390,12,65,1,5,240,
1182,,Venti,480,12,84,2,7,320,
1183,Mocha Frappuccino® Blended Coffee w/ Soy,Grande,290,2.5,63,2,4,220,
1184,,Venti,390,3.5,83,2,6,300,
1185,Mocha Frappuccino® Blended Coffee w/ Soy + Whipped Cream,Grande,400,14,66,2,5,230,
1186,,Venti,500,15,87,2,6,310,
1187,Mocha Frappuccino® Blended Coffee w/ Whipped Cream,Tall,270,10,43,1,3,160,
1188,,Grande,390,14,63,2,5,230,
1189,,Venti,490,15,82,2,6,310,
1190,Mocha Frappuccino® Blended Coffee w/ Whole Milk,Tall,210,3,42,1,3,160,
1191,,Venti,400,6,81,2,6,310,
1192,,Grande,300,4,51,1,4,230,
1193,Mocha Frappuccino® Blended Coffee w/ Whole Milk + Whipped Cream,Tall,290,11,44,1,4,170,
1194,,Grande,410,15,65,1,5,240,
1195,,Venti,520,17,84,2,7,320,
1196,Mocha Light Frappuccino® Blended Coffee,Tall,110,0.5,23,1,3,150,
1197,,Grande,140,0.5,28,1,4,180,
1198,,Venti,200,1,41,2,6,260,
1199,Mocha Light Frappuccino® Blended Coffee w/ Nonfat Milk,Tall,110,0.5,23,1,3,150,
1200,,Grande,140,0.5,28,1,4,180,
1201,,Venti,200,1,41,2,6,260,
1202,Red Velvet Cake Crème Frappuccino® Blended Crème w/ 2% Milk,Grande,360,6,72,3,5,250,
1203,,Venti,460,9,89,3,8,360,
1204,Red Velvet Cake Crème Frappuccino® Blended Crème w/ 2% Milk + Whipped Cream,Grande,470,17,75,3,6,260,
1205,,Venti,580,20,93,3,9,370,
1206,Red Velvet Cake Crème Frappuccino® Blended Crème w/ Coconut,Tall,230,4.5,46,2,2,170,
1207,,Grande,340,6,71,3,2,250,
1208,,Venti,430,9,87,3,3,340,
1209,Red Velvet Cake Crème Frappuccino® Blended Crème w/ Coconut + Whipped Cream,Tall,290,11,48,2,2,180,
1210,,Grande,460,17,74,3,3,260,
1211,,Venti,550,21,90,3,3,350,
1212,Red Velvet Cake Crème Frappuccino® Blended Crème w/ Nonfat Milk,Tall,230,3,48,2,4,170,
1213,,Grande,340,4.5,72,3,5,250,
1214,,Venti,430,5,90,3,9,350,
1215,Red Velvet Cake Crème Frappuccino® Blended Crème w/ Nonfat Milk + Whipped Cream,Grande,460,15,75,3,6,260,
1216,,Venti,550,17,93,3,9,360,
1217,Red Velvet Cake Crème Frappuccino® Blended Crème w/ Soy,Grande,360,6,74,3,4,240,
1218,,Venti,470,8,92,4,7,340,
1219,Red Velvet Cake Crème Frappuccino® Blended Crème w/ Soy + Whipped Cream,Grande,470,17,77,3,5,260,
1220,,Venti,580,20,96,4,8,350,
1221,Red Velvet Cake Crème Frappuccino® Blended Crème w/ Whole Milk,Tall,250,5,47,2,4,170,
1222,,Venti,490,11,89,3,8,350,
1223,,Grande,370,7,72,3,5,250,
1224,Red Velvet Cake Crème Frappuccino® Blended Crème w/ Whole Milk + Whipped Cream,Tall,310,12,49,2,4,180,
1225,,Grande,480,18,75,3,5,260,
1226,,Venti,600,23,93,3,9,360,
1227,Smoked Butterscotch Frappuccino® Blended Beverage w/ 2% Milk,Grande,310,5,63,0,4,310,
1228,,Venti,400,6,80,0,5,390,
1229,Smoked Butterscotch Frappuccino® Blended Beverage w/ 2% Milk + Whipped Cream,Grande,430,16,67,0,4,320,
1230,,Venti,510,17,84,0,6,400,
1231,Smoked Butterscotch Frappuccino® Blended Beverage w/ Almond,Tall,180,3,39,0,1,200,
1232,,Grande,290,5,60,1,1,310,
1233,,Venti,360,6,76,1,1,380,
1234,Smoked Butterscotch Frappuccino® Blended Beverage w/ Almond + Whipped Cream,Tall,270,11,42,0,1,200,
1235,,Grande,400,16,64,1,2,310,
1236,,Venti,470,17,80,1,2,390,
1237,Smoked Butterscotch Frappuccino® Blended Beverage w/ Coconut,Tall,190,3.5,40,0,0,190,
1238,,Grande,300,5,61,0,1,300,
1239,,Venti,370,6,78,0,1,380,
1240,Smoked Butterscotch Frappuccino® Blended Beverage w/ Coconut + Whipped Cream,Tall,280,11,43,0,1,200,
1241,,Grande,410,17,65,0,1,310,
1242,,Venti,490,18,82,0,1,390,
1243,Smoked Butterscotch Frappuccino® Blended Beverage w/ Nonfat Milk,Tall,190,1.5,41,0,3,200,
1244,,Grande,300,3.5,63,0,4,300,
1245,,Venti,370,3.5,80,0,5,380,
1246,Smoked Butterscotch Frappuccino® Blended Beverage w/ Nonfat Milk + Whipped Cream,Grande,410,15,67,0,4,320,
1247,,Venti,490,15,84,0,6,390,
1248,Smoked Butterscotch Frappuccino® Blended Beverage w/ Soy,Grande,310,5,64,1,3,300,
1249,,Venti,400,6,82,1,5,380,
1250,Smoked Butterscotch Frappuccino® Blended Beverage w/ Soy + Whipped Cream,Grande,430,16,68,1,4,310,
1251,,Venti,520,17,86,1,5,390,
1252,Smoked Butterscotch Frappuccino® Blended Beverage w/ Whole Milk,Tall,210,4,41,0,3,200,
1253,,Venti,410,8,80,0,5,380,
1254,,Grande,320,6,63,0,3,310,
1255,Smoked Butterscotch Frappuccino® Blended Beverage w/ Whole Milk + Whipped Cream,Tall,300,12,44,0,3,210,
1256,,Grande,440,18,67,0,4,320,
1257,,Venti,530,19,84,0,6,400,
1258,Smoked Butterscotch Frappuccino® Blended Crème w/ 2% Milk,Grande,270,6,50,0,5,330,
1259,,Venti,340,7,62,0,7,410,
1260,Smoked Butterscotch Frappuccino® Blended Crème w/ 2% Milk + Whipped Cream,Grande,390,17,54,0,5,340,
1261,,Venti,460,19,66,0,7,420,
1262,Smoked Butterscotch Frappuccino® Blended Crème w/ Almond,Tall,150,3.5,29,1,1,200,
1263,,Grande,240,6,46,1,1,320,
1264,,Venti,290,7,56,1,1,400,
1265,Smoked Butterscotch Frappuccino® Blended Crème w/ Almond + Whipped Cream,Tall,230,11,32,1,1,210,
1266,,Grande,350,17,50,1,2,330,
1267,,Venti,400,18,60,1,2,410,
1268,Smoked Butterscotch Frappuccino® Blended Crème w/ Coconut,Tall,160,4,30,0,0,200,
1269,,Grande,250,6,48,0,0,320,
1270,,Venti,310,8,59,0,1,390,
1271,Smoked Butterscotch Frappuccino® Blended Crème w/ Coconut + Whipped Cream,Tall,240,12,33,0,1,210,
1272,,Grande,370,18,52,0,1,330,
1273,,Venti,420,19,63,0,1,410,
1274,Smoked Butterscotch Frappuccino® Blended Crème w/ Nonfat Milk,Tall,160,2,32,0,4,200,
1275,,Grande,250,3.5,50,0,5,320,
1276,,Venti,310,3.5,62,0,7,400,
1277,Smoked Butterscotch Frappuccino® Blended Crème w/ Nonfat Milk + Whipped Cream,Grande,370,15,54,0,5,330,
1278,,Venti,420,15,66,0,8,410,
1279,Smoked Butterscotch Frappuccino® Blended Crème w/ Soy,Grande,280,6,52,1,4,310,
1280,,Venti,340,7,65,1,6,390,
1281,Smoked Butterscotch Frappuccino® Blended Crème w/ Soy + Whipped Cream,Grande,390,17,56,1,5,330,
1282,,Venti,460,18,69,1,6,400,
1283,Smoked Butterscotch Frappuccino® Blended Crème w/ Whole Milk,Tall,190,5,32,0,3,200,
1284,,Venti,360,10,62,0,6,400,
1285,,Grande,290,8,50,0,4,320,
1286,Smoked Butterscotch Frappuccino® Blended Crème w/ Whole Milk + Whipped Cream,Tall,270,13,35,0,4,210,
1287,,Grande,400,19,54,0,5,330,
1288,,Venti,480,21,66,0,7,410,
1289,Smoked Butterscotch Light Frappuccino® Blended Beverage w/ 2% Milk,Grande,310,5,63,0,4,310,
1290,,Venti,400,6,80,0,5,390,
1291,Smoked Butterscotch Light Frappuccino® Blended Beverage w/ 2% Milk + Whipped Cream,Grande,430,16,67,0,4,320,
1292,,Venti,510,17,84,0,6,400,
1293,Smoked Butterscotch Light Frappuccino® Blended Beverage w/ Almond,Tall,180,3,39,0,1,200,
1294,,Grande,290,5,60,1,1,310,
1295,,Venti,360,6,76,1,1,380,
1296,Smoked Butterscotch Light Frappuccino® Blended Beverage w/ Almond + Whipped Cream,Tall,270,11,42,0,1,200,
1297,,Grande,400,16,64,1,2,310,
1298,,Venti,470,17,80,1,2,390,
1299,Smoked Butterscotch Light Frappuccino® Blended Beverage w/ Coconut,Tall,190,3.5,40,0,0,190,
1300,,Grande,300,5,61,0,1,300,
1301,,Venti,370,6,78,0,1,380,
1302,Smoked Butterscotch Light Frappuccino® Blended Beverage w/ Coconut + Whipped Cream,Tall,280,11,43,0,1,200,
1303,,Grande,410,17,65,0,1,310,
1304,,Venti,490,18,82,0,1,390,
1305,Smoked Butterscotch Light Frappuccino® Blended Beverage w/ Nonfat Milk,Tall,120,1.5,23,0,3,190,
1306,,Grande,190,3,36,0,3,290,
1307,,Venti,230,3,44,1,5,360,
1308,Smoked Butterscotch Light Frappuccino® Blended Beverage w/ Nonfat Milk + Whipped Cream,Grande,410,15,67,0,4,320,
1309,,Venti,490,15,84,0,6,390,
1310,Smoked Butterscotch Light Frappuccino® Blended Beverage w/ Soy,Grande,310,5,64,1,3,300,
1311,,Venti,400,6,82,1,5,380,
1312,Smoked Butterscotch Light Frappuccino® Blended Beverage w/ Soy + Whipped Cream,Grande,430,16,68,1,4,310,
1313,,Venti,520,17,86,1,5,390,
1314,Smoked Butterscotch Light Frappuccino® Blended Beverage w/ Whole Milk,Tall,210,4,41,0,3,200,
1315,,Venti,410,8,80,0,5,380,
1316,,Grande,320,6,63,0,3,310,
1317,Smoked Butterscotch Light Frappuccino® Blended Beverage w/ Whole Milk + Whipped Cream,Tall,300,12,44,0,3,210,
1318,,Grande,440,18,67,0,4,320,
1319,,Venti,530,19,84,0,6,400,
1320,Strawberries & Crème Frappuccino® Blended Crème w/ 2% Milk,Grande,250,2.5,53,0,4,200,
1321,,Venti,330,3.5,69,0,6,280,
1322,Strawberries & Crème Frappuccino® Blended Crème w/ 2% Milk + Whipped Cream,Grande,360,14,56,0,5,210,
1323,,Venti,450,15,73,0,7,290,
1324,Strawberries & Crème Frappuccino® Blended Crème w/ Almond,Venti,290,3,64,1,1,270,
1325,Strawberries & Crème Frappuccino® Blended Crème w/ Almond + Whipped Cream,Venti,400,14,68,1,2,280,
1326,Strawberries & Crème Frappuccino® Blended Crème w/ Coconut,Tall,170,2,37,0,0,140,
1327,,Grande,230,2.5,51,0,0,190,
1328,,Venti,300,3.5,67,1,1,260,
1329,Strawberries & Crème Frappuccino® Blended Crème w/ Coconut + Whipped Cream,Tall,250,10,39,0,1,150,
1330,,Grande,340,14,54,0,1,200,
1331,,Venti,420,15,70,1,1,270,
1332,Strawberries & Crème Frappuccino® Blended Crème w/ Nonfat Milk,Tall,170,0,38,0,3,140,
1333,,Grande,230,0,53,0,4,200,
1334,,Venti,300,0,70,0,6,270,
1335,Strawberries & Crème Frappuccino® Blended Crème w/ Nonfat Milk + Whipped Cream,Grande,340,11,56,0,5,210,
1336,,Venti,420,11,73,0,7,280,
1337,Strawberries & Crème Frappuccino® Blended Crème w/ Soy,Grande,250,2,55,1,3,190,
1338,,Venti,340,3,72,1,5,260,
1339,Strawberries & Crème Frappuccino® Blended Crème w/ Soy + Whipped Cream,Grande,360,13,58,1,4,200,
1340,,Venti,450,14,75,1,6,270,
1341,Strawberries & Crème Frappuccino® Blended Crème w/ Whole Milk,Tall,190,3,38,0,3,140,
1342,,Venti,350,6,69,0,6,270,
1343,,Grande,260,4,53,0,4,200,
1344,Strawberries & Crème Frappuccino® Blended Crème w/ Whole Milk + Whipped Cream,Tall,270,11,40,0,3,150,
1345,,Grande,370,15,56,0,4,210,
1346,,Venti,460,17,73,0,6,280,
1347,The Pokémon™ GO Frappuccino® Blended Beverage w/ 2% Milk,Grande,320,3,70,3,5,230,
1348,,Venti,410,4,87,3,7,320,
1349,The Pokémon™ GO Frappuccino® Blended Beverage w/ 2% Milk + Whipped Cream,Grande,430,14,73,3,5,240,
1350,,Venti,520,15,91,3,7,330,
1351,The Pokémon™ GO Frappuccino® Blended Beverage w/ Almond,Tall,200,2,47,4,1,160,
1352,,Grande,280,2.5,66,4,1,230,
1353,,Venti,360,3.5,82,4,1,310,
1354,The Pokémon™ GO Frappuccino® Blended Beverage w/ Almond + Whipped Cream,Tall,280,10,49,4,1,170,
1355,,Grande,400,13,69,4,2,240,
1356,,Venti,470,14,85,4,2,320,
1357,The Pokémon™ GO Frappuccino® Blended Beverage w/ Coconut,Tall,210,2.5,48,3,0,160,
1358,,Grande,300,3,68,3,0,220,
1359,,Venti,380,4.5,85,3,0,300,
1360,The Pokémon™ GO Frappuccino® Blended Beverage w/ Coconut + Whipped Cream,Tall,290,10,50,3,1,160,
1361,,Grande,410,14,71,3,1,230,
1362,,Venti,490,15,88,3,1,310,
1363,The Pokémon™ GO Frappuccino® Blended Beverage w/ Nonfat Milk,Tall,210,0,50,3,4,160,
1364,,Grande,300,0,70,3,5,230,
1365,,Venti,380,0,88,3,7,310,
1366,The Pokémon™ GO Frappuccino® Blended Beverage w/ Nonfat Milk + Whipped Cream,Grande,410,11,73,3,5,240,
1367,,Venti,490,11,91,3,8,320,
1368,The Pokémon™ GO Frappuccino® Blended Beverage w/ Soy,Grande,320,2.5,72,4,4,220,
1369,,Venti,410,3.5,91,4,6,300,
1370,The Pokémon™ GO Frappuccino® Blended Beverage w/ Soy + Whipped Cream,Grande,440,13,75,4,5,230,
1371,,Venti,530,14,94,4,6,310,
1372,The Pokémon™ GO Frappuccino® Blended Beverage w/ Whole Milk,Tall,240,3.5,49,3,3,160,
1373,,Venti,430,7,87,3,6,310,
1374,,Grande,340,4.5,70,3,4,230,
1375,The Pokémon™ GO Frappuccino® Blended Beverage w/ Whole Milk + Whipped Cream,Tall,320,11,52,3,4,170,
1376,,Grande,450,16,73,3,5,240,
1377,,Venti,540,18,91,3,7,320,
1378,Vanilla Bean Crème Frappuccino® Blended Crème w/ 2% Milk,Grande,270,3,56,0,5,240,
1379,,Venti,350,4,73,0,7,320,
1380,Vanilla Bean Crème Frappuccino® Blended Crème w/ 2% Milk + Whipped Cream,Grande,380,14,60,0,6,250,
1381,,Venti,460,15,76,0,7,330,
1382,Vanilla Bean Crème Frappuccino® Blended Crème w/ Almond,Tall,160,1.5,36,1,1,160,
1383,,Grande,230,2,52,1,1,240,
1384,,Venti,300,3,67,1,1,310,
1385,Vanilla Bean Crème Frappuccino® Blended Crème w/ Almond + Whipped Cream,Tall,240,9,38,1,1,170,
1386,,Grande,340,13,56,1,2,240,
1387,,Venti,410,14,70,1,2,320,
1388,Vanilla Bean Crème Frappuccino® Blended Crème w/ Coconut,Tall,170,2.5,37,0,0,160,
1389,,Grande,240,3,54,0,0,230,
1390,,Venti,320,4,70,0,0,300,
1391,Vanilla Bean Crème Frappuccino® Blended Crème w/ Coconut + Whipped Cream,Tall,250,10,39,0,1,170,
1392,,Grande,360,14,57,0,1,240,
1393,,Venti,430,15,73,0,1,310,
1394,Vanilla Bean Crème Frappuccino® Blended Crème w/ Nonfat Milk,Tall,170,0,39,0,4,160,
1395,,Grande,250,0,57,0,5,240,
1396,,Venti,320,0,73,0,7,310,
1397,Vanilla Bean Crème Frappuccino® Blended Crème w/ Nonfat Milk + Whipped Cream,Grande,360,11,60,0,6,240,
1398,,Venti,430,11,76,0,8,320,
1399,Vanilla Bean Crème Frappuccino® Blended Crème w/ Soy,Grande,270,2.5,59,1,4,230,
1400,,Venti,360,3,76,1,6,300,
1401,Vanilla Bean Crème Frappuccino® Blended Crème w/ Soy + Whipped Cream,Grande,380,13,62,1,5,240,
1402,,Venti,470,14,79,1,6,310,
1403,Vanilla Bean Crème Frappuccino® Blended Crème w/ Whole Milk,Tall,200,3.5,39,0,3,170,
1404,,Venti,370,7,73,0,6,310,
1405,,Grande,280,4.5,56,0,4,240,
1406,Vanilla Bean Crème Frappuccino® Blended Crème w/ Whole Milk + Whipped Cream,Tall,280,11,41,0,4,170,
1407,,Grande,400,16,60,0,5,250,
1408,,Venti,490,17,76,0,7,320,
1409,White Chocolate Mocha Frappuccino® Blended Coffee w/ 2% Milk,Grande,290,3.5,61,0,4,240,
1410,,Venti,400,5,83,0,7,340,
1411,White Chocolate Mocha Frappuccino® Blended Coffee w/ 2% Milk + Whipped Cream,Grande,410,15,65,0,5,250,
1412,,Venti,510,16,86,0,7,350,
1413,White Chocolate Mocha Frappuccino® Blended Coffee w/ Almond,Tall,190,2,40,0,1,170,
1414,,Grande,270,3.5,59,0,2,240,
1415,,Venti,360,4.5,79,1,3,330,
1416,White Chocolate Mocha Frappuccino® Blended Coffee w/ Almond + Whipped Cream,Tall,270,10,43,0,2,180,
1417,,Grande,380,14,62,0,3,250,
1418,,Venti,470,15,82,1,3,340,
1419,White Chocolate Mocha Frappuccino® Blended Coffee w/ Coconut,Tall,190,2.5,41,0,1,170,
1420,,Grande,280,4,60,0,2,240,
1421,,Venti,380,5,81,0,2,330,
1422,White Chocolate Mocha Frappuccino® Blended Coffee w/ Coconut + Whipped Cream,Tall,270,11,44,0,1,180,
1423,,Grande,390,15,63,0,2,250,
1424,,Venti,490,16,84,0,3,340,
1425,White Chocolate Mocha Frappuccino® Blended Coffee w/ Nonfat Milk,Tall,190,1,43,0,3,170,
1426,,Grande,280,2,62,0,5,240,
1427,,Venti,380,2,83,0,7,330,
1428,White Chocolate Mocha Frappuccino® Blended Coffee w/ Nonfat Milk + Whipped Cream,Grande,390,13,65,0,5,250,
1429,,Venti,490,13,86,0,7,340,
1430,White Chocolate Mocha Frappuccino® Blended Coffee w/ Soy,Grande,300,3.5,63,0,4,230,
1431,,Venti,400,4.5,85,1,6,330,
1432,White Chocolate Mocha Frappuccino® Blended Coffee w/ Soy + Whipped Cream,Grande,410,14,66,0,5,250,
1433,,Venti,520,16,88,1,6,340,
1434,White Chocolate Mocha Frappuccino® Blended Coffee w/ Whole Milk,Tall,210,3.5,43,0,3,170,
1435,,Venti,420,7,83,0,6,330,
1436,,Grande,300,5,61,0,4,240,
1437,White Chocolate Mocha Frappuccino® Blended Coffee w/ Whole Milk + Whipped Cream,Tall,300,11,45,0,4,180,
1438,,Grande,520,16,65,0,5,250,
1439,,Venti,530,18,86,0,7,350,
1440,Kids’ Drinks & Others,,,,,,,,
1441,Cinnamon Dolce Crème,Tall,130,5,21,1,2,135,
1442,Cinnamon Dolce Crème w/ 2% Milk,Tall,200,6,28,0,10,135,
1443,,Grande,270,7,37,0,12,180,
1444,,Venti,340,10,47,0,16,230,
1445,Cinnamon Dolce Crème w/ 2% Milk + Whipped Cream,Tall,200,6,28,0,10,135,
1446,,Grande,270,7,37,0,12,180,
1447,,Venti,340,10,47,0,16,230,
1448,Cinnamon Dolce Crème w/ Almond,Tall,130,5,21,1,2,135,
1449,,Grande,180,7,27,2,2,180,
1450,,Venti,220,8,34,2,3,220,
1451,Cinnamon Dolce Crème w/ Almond + Whipped Cream,Tall,130,5,21,1,2,135,
1452,,Grande,170,7,27,2,2,180,
1453,,Venti,220,8,34,2,3,220,
1454,Cinnamon Dolce Crème w/ Coconut,Tall,160,7,25,0,1,125,
1455,,Grande,210,9,33,0,1,160,
1456,,Venti,270,11,41,0,1,200,
1457,Cinnamon Dolce Crème w/ Coconut + Whipped Cream,Tall,160,7,25,0,1,125,
1458,,Grande,210,9,32,0,1,160,
1459,,Venti,270,11,41,0,1,200,
1460,Cinnamon Dolce Crème w/ Nonfat Milk,Tall,160,0,29,0,10,120,
1461,,Grande,210,0,38,0,13,160,
1462,,Venti,260,0,48,0,16,200,
1463,Cinnamon Dolce Crème w/ Nonfat Milk + Whipped Cream,Tall,160,0,29,0,10,120,
1464,,Grande,200,0,38,0,13,160,
1465,,Venti,260,0,48,0,16,200,
1466,Cinnamon Dolce Crème w/ Soy,Tall,200,4.5,32,1,8,105,
1467,,Grande,260,6,42,1,10,135,
1468,,Venti,340,7,53,2,13,170,
1469,Cinnamon Dolce Crème w/ Soy + Whipped Cream,Tall,200,4.5,32,1,8,105,
1470,,Grande,260,6,42,1,10,135,
1471,,Venti,330,7,53,2,13,170,
1472,Cinnamon Dolce Crème w/ Whole Milk,Tall,240,9,28,0,9,125,
1473,,Grande,310,12,37,0,12,160,
1474,,Venti,390,16,47,0,15,210,
1475,Cinnamon Dolce Crème w/ Whole Milk + Whipped Cream,Tall,230,9,28,0,9,125,
1476,,Grande,310,12,37,0,12,160,
1477,,Venti,390,16,47,0,15,210,
1478,Smoked Butterscotch Crème,Tall,210,11,28,2,2,290,
1479,Smoked Butterscotch Crème w/ 2% Milk,Short,180,7,23,0,6,190,
1480,,Tall,280,11,35,0,9,280,
1481,,Grande,360,15,46,0,12,370,
1482,,Venti,460,19,57,1,16,470,
1483,Smoked Butterscotch Crème w/ Almond,Short,140,7,18,1,1,180,
1484,,Tall,210,11,28,2,2,290,
1485,,Grande,280,14,37,2,3,380,
1486,,Venti,350,17,45,3,3,460,
1487,Smoked Butterscotch Crème w/ Coconut,Short,160,8,21,0,1,170,
1488,,Tall,230,12,31,0,1,260,
1489,,Grande,310,16,41,1,1,350,
1490,,Venti,390,20,51,1,1,440,
1491,Smoked Butterscotch Crème w/ Nonfat Milk,Short,150,4,24,0,6,180,
1492,,Tall,230,6,35,0,10,270,
1493,,Grande,310,8,46,0,13,350,
1494,,Venti,380,10,58,1,16,440,
1495,Smoked Butterscotch Crème w/ Soy,Short,180,7,26,1,5,170,
1496,,Tall,280,10,39,1,8,250,
1497,,Grande,360,13,51,2,10,330,
1498,,Venti,460,16,64,2,13,420,
1499,Smoked Butterscotch Crème w/ Whole Milk,Short,210,10,23,0,6,180,
1500,,Tall,310,15,35,0,9,270,
1501,,Grande,400,19,46,0,12,350,
1502,,Venti,510,24,57,1,15,450,
1503,Steamed Apple Juice,Short,120,0,30,0,0,10,
1504,,Kids,110,0,28,0,0,0,
1505,,Tall,170,0,44,0,0,15,
1506,,Grande,220,0,55,0,0,20,
1507,Vanilla Crème,Tall,80,5,7,1,2,140,
1508,Vanilla Crème w/ 2% Milk,Short,130,4,19,0,6,90,
1509,,Kids,130,4,19,0,6,90,
1510,,Tall,200,6,28,0,10,135,
1511,,Grande,270,7,37,0,12,180,
1512,,Venti,340,10,47,0,16,230,
1513,Vanilla Crème w/ 2% Milk + Whipped Cream,Short,180,9,20,0,6,90,
1514,,Kids,180,9,20,0,6,90,
1515,,Tall,260,12,30,0,10,140,
1516,,Grande,330,14,39,0,13,180,
1517,,Venti,400,16,48,0,16,230,
1518,Vanilla Crème w/ Almond,Short,50,3.5,4,1,1,95,
1519,,Tall,80,5,7,1,2,140,
1520,,Grande,100,7,9,2,3,190,
1521,,Venti,130,9,11,2,3,240,
1522,Vanilla Crème w/ Coconut,Short,110,4.5,16,0,0,80,
1523,,Kids,110,4.5,16,0,0,80,
1524,,Tall,160,7,25,0,1,125,
1525,,Grande,210,9,32,0,1,160,
1526,,Venti,270,11,41,0,1,200,
1527,Vanilla Crème w/ Coconut + Whipped Cream,Short,150,9,17,0,1,80,
1528,,Tall,220,12,26,0,1,125,
1529,,Grande,280,15,34,0,1,160,
1530,,Venti,330,18,42,0,1,200,
1531,Vanilla Crème w/ Nonfat Milk,Short,100,0,19,0,6,80,
1532,,Kids,100,0,19,0,6,80,
1533,,Tall,160,0,29,0,10,120,
1534,,Grande,200,0,38,0,13,160,
1535,,Venti,260,0,48,0,16,200,
1536,Vanilla Crème w/ Nonfat Milk + Whipped Cream,Short,150,5,20,0,6,85,
1537,,Kids,150,5,20,0,6,85,
1538,,Tall,210,6,30,0,10,125,
1539,,Grande,270,7,39,0,13,160,
1540,,Venti,330,7,49,0,16,210,
1541,Vanilla Crème w/ Soy,Short,130,3,21,1,5,70,
1542,,Kids,130,3,21,1,5,70,
1543,,Tall,200,4.5,32,1,8,105,
1544,,Grande,260,6,42,1,10,135,
1545,,Venti,330,7,53,2,13,170,
1546,Vanilla Crème w/ Soy + Whipped Cream,Short,180,8,22,1,5,70,
1547,,Kids,180,8,22,1,5,70,
1548,,Tall,260,10,33,1,8,110,
1549,,Grande,330,13,44,1,10,140,
1550,,Venti,400,14,55,2,13,180,
1551,Vanilla Crème w/ Whole Milk,Short,150,6,19,0,6,80,
1552,,Kids,150,6,19,0,6,80,
1553,,Tall,230,9,28,0,9,125,
1554,,Grande,310,12,37,0,12,160,
1555,,Venti,390,16,47,0,15,210,
1556,Vanilla Crème w/ Whole Milk + Whipped Cream,Short,200,11,20,0,6,85,
1557,,Kids,200,11,20,0,6,85,
1558,,Tall,290,15,30,0,9,130,
1559,,Grande,370,19,39,0,12,170,
1560,,Venti,450,22,48,0,15,210,
1561,Smoothies,,,,,,,,
1562,Chocolate Smoothie w/ 2% Milk,,320,5,53,8,20,170,
1563,Strawberry Smoothie w/ 2% Milk,,300,2,60,7,16,130,
1564,Fizzio™ Handcrafted Sodas,,,,,,,,
1565,Ginger Ale,Tall,80,0,21,0,0,10,
1566,,Grande,100,0,27,0,0,15,
1567,,Venti,160,0,41,0,0,20,
1568,,Trenta,210,0,54,0,0,25,
1569,Lemon Ale,Tall,80,0,21,0,0,10,
1570,,Grande,100,0,27,0,0,15,
1571,,Venti,160,0,40,0,0,20,
1572,,Trenta,210,0,54,0,0,25,
1573,Orange Cream Soda,Tall,80,0,18,0,0,10,
1574,,Grande,100,0,24,0,0,15,
1575,,Venti,160,0,36,0,0,20,
1576,,Trenta,210,0,49,0,0,25,
1577,Bakery,,,,,,,,
1578,Chonga Bagel,,300,5,50,3,12,530,
1579,8-Grain Roll,,380,6,70,7,10,480,
1580,Almond Croissant,,410,22,45,3,10,390,
1581,Apple Fritter,,460,23,56,2,7,420,
1582,Banana Nut Bread,,420,22,52,2,6,320,
1583,Blueberry Muffin with Yogurt and Honey,,380,16,53,1,6,260,
1584,Blueberry Scone,,420,17,61,2,5,510,
1585,Butter Croissant,,260,15,27,1,5,320,
1586,Caramelized Apple Pound Cake,,400,12,68,1,6,400,
1587,Cheese Danish,,290,14,33,1,7,400,
1588,Chocolate Chip Cookie,,310,15,42,2,4,260,
1589,Chocolate Chunk Muffin,,440,21,60,2,7,350,
1590,Chocolate Croissant,,340,20,38,2,5,280,
1591,Chocolate Hazelnut Croissant,,390,22,43,2,7,270,
1592,Chocolate Marble Loaf Cake,,490,24,64,2,6,110,
1593,Cinnamon Morning Bun,,390,15,56,2,8,440,
1594,Cinnamon Raisin Bagel,,270,1,58,3,9,370,
1595,Classic Coffee Cake,,390,16,57,1,5,400,
1596,Confetti Hearts Cake Pop,,150,7,22,1,2,70,
1597,Cranberry Orange Scone,,420,15,64,1,6,430,
1598,Double Chocolate Brownie,,410,24,46,3,6,75,
1599,Double Chocolate Chunk Brownie,,490,28,55,3,7,220,
1600,Double Chocolate Loaf Cake,,440,23,54,3,5,330,
1601,Everybody's Favorite - Bantam Bagel (2 Pack),,100,3.5,14,0,3,140,
1602,Everything Bagel with Cheese,,290,3.5,53,2,11,500,
1603,Everything Croissant,,280,16,29,1,8,530,
1604,Frappuccino® Cookie Straw,,90,3,14,0,1,30,
1605,French Toast - Bantam Bagels (2 Pack),,200,8,30,0,6,360,
1606,Gluten-Free Marshmallow Dream Bar,,240,5,45,0,2,260,
1607,Iced Lemon Pound Cake,,470,20,68,1,6,310,
1608,Old-Fashioned Glazed Doughnut,,480,27,56,1,5,410,
1609,Peanut butter cup cookie,,360,21,36,3,8,280,
1610,Pecan Tart,,330,18,39,1,4,210,
1611,Petite Vanilla Bean Scone,,120,4.5,18,0,2,95,
1612,Plain Bagel,,280,1.5,56,2,9,620,
1613,Pumpkin Bread,,410,15,63,2,6,500,
1614,Reduced-Fat Cinnamon Swirl Coffee Cake,,370,9,67,2,5,280,
1615,Sprouted Grain Vegan Bagel,,330,6,57,7,12,490,
1616,The Classic - Bantam Bagels (2 Pack),,200,8,28,0,6,270,
1617,Vanilla Bean Whoopie Pie,,360,18,45,1,3,230,
1618,Mercato,,,,,,,,
1619,"Almond Butter, Strawberries & Jam Sandwich",,600,25,80,10,19,480,
1620,Burrata & Basil Pesto Small Sandwich,,300,14,34,2,11,540,
1621,Cage-Free Eggs & Seasoned Grains Side Salad,,360,18,33,3,17,460,
1622,Cauliflower Tabbouleh Side Salad,,130,12,7,3,2,520,
1623,Cubano Sandwich,,430,23,34,3,21,1140,
1624,Farmers' Market Protein Box,,470,29,29,4,21,880,
1625,Garden Greens & Shaved Parmesan Side Salad,,170,13,9,2,7,600,
1626,Grilled Chicken & Cauliflower Tabbouleh,,390,27,15,4,21,1140,
1627,Herbed Chicken & Fig Spread Small Sandwich,,300,8,43,2,19,720,
1628,Honey BBQ Sriracha Chicken Sandwich,,360,7,52,3,22,1040,
1629,Roasted Carrot & Kale Side Salad,,440,26,44,7,10,400,
1630,Roasted Turkey & Dill Havarti Sandwich,,600,32,47,6,32,1160,
1631,Seared Steak & Cheddar Sandwich,,530,29,44,2,23,1120,
1632,Seasonal Roasted Sweet Potato & Apple Harvest,,510,27,56,10,15,1080,
1633,Slow-Roasted Ham & Beecher's Flagship Cheese Small Sandwich,,350,18,31,1,16,780,
1634,Smoked Mozzarella & Roasted Pepper Sandwich,,500,28,46,4,18,990,
1635,Turkey & Fire-Roasted Corn Salad,,560,29,53,7,24,910,
1636,Za'atar Chicken & Lemon Tahini Salad,,570,23,67,11,27,940,
1637,Starbucks Petites,,,,,,,,
1638,Birthday Cake Pop,,170,9,23,0,1,110,
1639,Chocolate Cake Pop,,160,8,23,1,2,80,
1640,Chocolate Chip Cookie Dough Cake Pop,,180,9,23,0,2,80,
1641,Protein Boxes,,,,,,,,
1642,Cheese & Fruit Protein Box,,450,27,34,4,20,620,
1643,Chicken & Quinoa Protein Bowl with Black Beans and Greens,,420,17,42,9,27,1030,
1644,Chicken BLT Protein Box,,340,11,43,5,20,1090,
1645,Chicken Wrap Protein Box,,460,22,45,4,20,610,
1646,Eggs & Cheese Protein Box,,460,24,40,5,23,530,
1647,Lentils & Vegetable Protein Bowl with Brown Rice,,650,29,80,21,23,670,
1648,PB&J Protein Box,,520,26,53,5,20,570,
1649,Smoked Turkey Protein Box,,360,12,42,5,24,950,
1650,Hot Breakfast,,,,,,,,
1651,"Bacon, Gouda & Egg Breakfast Sandwich",,370,19,32,1,18,850,
1652,Certified Gluten-Free Breakfast Sandwich,,280,13,18,6,18,740,
1653,Chicken Sausage & Bacon Biscuit,,450,22,35,1,26,1160,
1654,Classic Oatmeal,,160,2.5,28,4,5,125,
1655,"Double-Smoked Bacon, Cheddar & Egg Sandwich",,490,27,40,1,21,910,
1656,Ham & Cheese Croissant,,320,17,28,1,14,490,
1657,Hearty Blueberry Oatmeal,,220,2.5,43,5,5,125,
1658,Reduced-Fat Turkey Bacon & Cage Free Egg White Breakfast Sandwich,,210,5,26,3,18,560,
1659,"Sausage, Cheddar & Egg Breakfast Sandwich",,500,28,41,1,15,920,
1660,"Seared Steak, Egg & Tomatillo Wrap",,410,18,43,2,21,780,
1661,"Slow-Roasted Ham, Swiss & Egg Breakfast Sandwich",,450,22,41,1,24,790,
1662,Sous Vide Egg Bites: Bacon & Gruyere,,310,22,9,0,19,600,
1663,Sous Vide Egg Bites: Egg White & Red Pepper,,170,7,13,1,13,500,
1664,"Spicy Chorizo, Monterey Jack & Egg Breakfast Sandwich",,500,30,35,3,26,860,
1665,"Spinach, Feta & Cage Free Egg White Breakfast Wrap",,290,10,33,6,19,830,
1666,"Sandwiches, Paninis & Salads
",,,,,,,,
1667,Ancho Chipotle Chicken Panini,,500,19,57,4,26,1030,
1668,Chicken & Double-Smoked Bacon,,620,26,65,3,31,1480,
1669,Chicken Artichoke on Ancient Grain Flatbread,,510,27,37,5,24,1120,
1670,Chicken BLT Salad Sandwich,,470,25,35,3,21,890,
1671,Chicken Caprese,,500,18,58,3,28,890,
1672,Egg Salad Sandwich,,480,27,42,7,16,860,
1673,Tomato & Mozzarella,,350,13,42,3,15,570,
1674,Turkey & Havarti Sandwich,,460,21,31,2,29,940,
1675,Turkey Pesto Panini,,540,21,55,3,33,1180,
1676,"Yogurt, Fruit & Spreads
",,,,,,,,
1677,Berry Trio Yogurt,,240,2.5,39,3,14,125,
1678,Fresh Blueberries and Honey Greek Yogurt Parfait,,240,2.5,42,2,14,100,
1679,Justin's Chocolate Hazelnut Butter,,180,14,12,3,4,65,
1680,Justin's Classic Almond Butter,,190,18,6,3,7,0,
1681,Lemon Chiffon Yogurt,,340,13,38,0,18,95,
1682,Seasonal Fruit Blend,,90,0,24,4,1,0,
